{"stats":{"minecraft:custom":{"minecraft:jump":93,"minecraft:open_chest":1,"minecraft:time_since_rest":5250,"minecraft:damage_taken":350,"minecraft:leave_game":2,"minecraft:play_time":6347,"minecraft:sprint_one_cm":8476,"minecraft:walk_one_cm":8875,"minecraft:time_since_death":4729,"minecraft:deaths":1,"minecraft:total_world_time":6347,"minecraft:fall_one_cm":1657,"minecraft:fly_one_cm":18326},"minecraft:mined":{"minecraft:grass_block":1,"minecraft:dirt":2},"minecraft:picked_up":{"minecraft:dirt":3}},"DataVersion":3465}