{"stats":{"minecraft:killed_by":{"minecraft:player":1,"minecraft:skeleton":1,"minecraft:zombie":2},"minecraft:broken":{"minecraft:stone_pickaxe":1},"minecraft:dropped":{"minecraft:iron_ingot":4,"minecraft:bread":2,"minecraft:cooked_beef":1,"lightmanscurrency:coin_copper":5,"minecraft:leather":1,"minecraft:coal":4,"minecraft:wooden_hoe":1,"sophisticatedbackpacks:backpack":1,"lightmanscurrency:coin_gold":11,"minecraft:hay_block":9,"minecraft:beetroot_seeds":3,"minecraft:melon_seeds":3,"minecraft:cake":1,"minecraft:stone_pickaxe":1,"minecraft:raw_gold":1,"bossominium:charred_steak":1},"minecraft:custom":{"minecraft:interact_with_smithing_table":1,"lootr:looted_stat":15,"minecraft:mob_kills":15,"minecraft:interact_with_anvil":1,"minecraft:interact_with_crafting_table":35,"minecraft:open_barrel":1,"minecraft:eat_cake_slice":9,"minecraft:leave_game":6,"minecraft:time_since_death":28696,"minecraft:climb_one_cm":4843,"minecraft:sprint_one_cm":112693,"minecraft:walk_one_cm":204715,"minecraft:damage_blocked_by_shield":735,"minecraft:drop":35,"minecraft:play_time":119410,"minecraft:deaths":9,"minecraft:sneak_time":979,"minecraft:walk_under_water_one_cm":3052,"minecraft:jump":1589,"minecraft:interact_with_blast_furnace":1,"minecraft:walk_on_water_one_cm":8903,"minecraft:total_world_time":119410,"minecraft:interact_with_furnace":36,"minecraft:sleep_in_bed":1,"minecraft:time_since_rest":28719,"minecraft:damage_taken":3937,"minecraft:damage_absorbed":40,"minecraft:damage_dealt":3024,"minecraft:swim_one_cm":1261,"minecraft:fly_one_cm":153655,"minecraft:player_kills":1,"minecraft:open_chest":19,"minecraft:crouch_one_cm":2501,"minecraft:fall_one_cm":46174},"minecraft:crafted":{"minecraft:raw_iron":18,"zombie_extreme:ignotsteel":2,"minecraft:furnace":1,"minecraft:iron_boots":1,"minecraft:stone_pickaxe":2,"minecraft:chest":9,"sophisticatedbackpacks:iron_backpack":1,"minecraft:cooked_beef":2,"minecraft:wooden_shovel":1,"sophisticatedbackpacks:backpack":1,"minecraft:cooked_porkchop":2,"minecraft:crafting_table":4,"minecraft:wooden_pickaxe":1,"minecraft:iron_helmet":1,"biomesoplenty:willow_planks":72,"minecraft:stone_axe":1,"minecraft:air":0,"biomesoplenty:willow_sign":3,"minecraft:iron_chestplate":1,"minecraft:shield":1,"minecraft:stick":16,"minecraft:iron_ingot":42,"minecraft:iron_pickaxe":1,"minecraft:acacia_door":3,"minecraft:stone_sword":1,"minecraft:iron_leggings":1,"minecraft:acacia_planks":72,"minecraft:torch":4,"bossominium:charred_steak":1},"minecraft:mined":{"create:deepslate_zinc_ore":5,"minecraft:tuff":12,"minecraft:deepslate_diamond_ore":1,"biomesoplenty:desert_grass":1,"minecraft:grass_block":5,"zombie_extreme:deepslate_lead":1,"zombie_extreme:deepslate_thorium":1,"minecraft:spawner":1,"minecraft:raw_iron_block":2,"minecraft:deepslate_iron_ore":61,"minecraft:stone":120,"minecraft:deepslate_redstone_ore":7,"minecraft:crafting_table":3,"minecraft:torch":1,"bakery:wild_strawberries":2,"minecraft:calcite":2,"minecraft:cobblestone":1,"minecraft:tall_grass":1,"vinery:savanna_grape_bush_white":1,"biomesoplenty:willow_log":5,"supplementaries:urn":2,"minecraft:grass":23,"minecraft:coal_ore":27,"minecraft:gravel":14,"minecraft:acacia_door":2,"minecraft:dirt":7,"minecraft:gold_ore":1,"minecraft:deepslate":10,"minecraft:fern":8},"minecraft:picked_up":{"vinery:savanna_grape_seeds_white":2,"minecraft:crafting_table":3,"bakery:strawberry_seeds":1,"zombie_extreme:baseball_bat":2,"zombie_extreme:kitchen_knife":1,"minecraft:string":4,"minecraft:acacia_door":2,"minecraft:cyan_carpet":1,"biomesoplenty:willow_planks":1,"zombie_extreme:golf_club":1,"minecraft:cobbled_deepslate":14,"minecraft:calcite":2,"biomesoplenty:wildflower":1,"minecraft:stick":4,"minecraft:raw_iron":61,"minecraft:acacia_log":18,"sophisticatedbackpacks:backpack":1,"minecraft:cake":1,"minecraft:redstone":33,"minecraft:arrow":2,"minecraft:rotten_flesh":10,"biomesoplenty:willow_sapling":6,"supplementaries:ash":3,"zombie_extreme:butcher_knife":1,"minecraft:cobblestone":122,"minecraft:cooked_beef":1,"minecraft:leather":5,"alexsmobs:acacia_blossom":2,"minecraft:flint":2,"minecraft:tuff":12,"create:raw_zinc":5,"minecraft:wooden_hoe":1,"minecraft:dirt":19,"minecraft:bone":6,"minecraft:wheat_seeds":5,"minecraft:raw_gold":2,"zombie_extreme:barbed_fence":1,"lightmanscurrency:coin_iron":9,"minecraft:acacia_sapling":3,"bakery:strawberry":1,"minecraft:raw_iron_block":2,"minecraft:gravel":12,"minecraft:bundle":1,"lightmanscurrency:coin_copper":33,"biomesoplenty:willow_log":18,"minecraft:diamond":1,"zombie_extreme:raw_thorium":1,"minecraft:bread":7,"argentinas_delight:cuernodetoro":1,"minecraft:coal":30},"minecraft:killed":{"minecraft:skeleton":3,"zombie_extreme:inflated":1,"minecraft:husk":1,"minecraft:zombie":6,"alexsmobs:fly":1,"zombie_extreme:assasin_black_ops":1},"minecraft:used":{"minecraft:stone_sword":12,"minecraft:chest":8,"minecraft:shield":15,"minecraft:wooden_shovel":15,"minecraft:rotten_flesh":10,"endrem:lost_eye":1,"minecraft:torch":3,"minecraft:dirt":9,"minecraft:bow":5,"minecraft:furnace":1,"minecraft:cooked_beef":1,"minecraft:stone_pickaxe":149,"minecraft:wooden_pickaxe":8,"minecraft:golden_apple":1,"minecraft:crafting_table":7,"bakery:strawberry":1,"zombie_extreme:golf_club":53,"minecraft:cake":1,"minecraft:acacia_door":1,"minecraft:bread":6,"minecraft:iron_pickaxe":97,"biomesoplenty:willow_sign":1,"minecraft:stone_axe":10,"minecraft:cobblestone":24,"minecraft:cooked_porkchop":2,"alexsmobs:animal_dictionary":3}},"DataVersion":3465}