{"stats":{"minecraft:killed_by":{"irons_spellbooks:necromancer":1},"minecraft:custom":{"minecraft:jump":190,"minecraft:time_since_rest":5366,"minecraft:deaths":1,"minecraft:damage_dealt":56,"minecraft:crouch_one_cm":465,"minecraft:leave_game":3,"minecraft:play_time":9397,"minecraft:sprint_one_cm":23980,"minecraft:damage_taken":343,"minecraft:time_since_death":5335,"minecraft:walk_one_cm":8536,"minecraft:sneak_time":112,"minecraft:total_world_time":9397,"minecraft:fall_one_cm":5176,"minecraft:fly_one_cm":33124},"minecraft:mined":{"biomesoplenty:yellow_autumn_leaves":1,"minecraft:grass":4,"minecraft:fire":1,"minecraft:oak_leaves":2}},"DataVersion":3465}