{"stats":{"minecraft:crafted":{"minecraft:stone_axe":1,"minecraft:crafting_table":2,"biomesoplenty:willow_planks":16,"minecraft:stick":4,"minecraft:wooden_pickaxe":1},"minecraft:used":{"minecraft:stone_axe":2,"minecraft:dirt":4,"minecraft:crafting_table":2,"alexsmobs:animal_dictionary":3,"minecraft:wooden_pickaxe":8},"minecraft:picked_up":{"minecraft:stick":1,"minecraft:arrow":1,"minecraft:bone":1,"minecraft:rotten_flesh":1,"biomesoplenty:willow_log":18,"biomesoplenty:willow_sapling":6,"minecraft:wheat_seeds":2,"minecraft:dirt":4,"minecraft:cobblestone":8},"minecraft:mined":{"minecraft:grass":4,"minecraft:grass_block":1,"minecraft:dirt":3,"vinery:savanna_grape_bush_white":1,"minecraft:stone":8,"biomesoplenty:willow_log":5,"minecraft:fern":7},"minecraft:custom":{"minecraft:time_since_rest":3419,"minecraft:crouch_one_cm":173,"minecraft:sprint_one_cm":10691,"minecraft:play_time":10583,"minecraft:deaths":2,"minecraft:damage_taken":810,"minecraft:walk_one_cm":21895,"minecraft:sneak_time":129,"minecraft:mob_kills":1,"minecraft:jump":159,"minecraft:damage_dealt":20,"minecraft:time_since_death":3396,"minecraft:total_world_time":10583,"minecraft:interact_with_crafting_table":4,"minecraft:fall_one_cm":6309,"minecraft:fly_one_cm":19916}},"DataVersion":3465}