{"stats":{"minecraft:crafted":{"minecraft:crafting_table":2,"minecraft:stick":8,"minecraft:wooden_pickaxe":1,"minecraft:stone_pickaxe":1,"minecraft:stone_sword":1,"minecraft:chest":2,"biomesoplenty:willow_planks":72,"minecraft:stone_axe":1},"minecraft:used":{"minecraft:stone_sword":12,"minecraft:bread":3,"minecraft:stone_pickaxe":1,"minecraft:chest":2,"minecraft:wooden_pickaxe":8,"minecraft:stone_axe":4,"minecraft:dirt":4,"minecraft:crafting_table":3,"bakery:strawberry":1,"alexsmobs:animal_dictionary":3},"minecraft:picked_up":{"bakery:strawberry":1,"minecraft:stick":1,"minecraft:crafting_table":1,"bakery:strawberry_seeds":1,"zombie_extreme:baseball_bat":1,"zombie_extreme:kitchen_knife":1,"minecraft:dirt":4,"lightmanscurrency:coin_copper":3,"minecraft:bone":1,"minecraft:arrow":1,"minecraft:rotten_flesh":2,"biomesoplenty:willow_log":18,"biomesoplenty:willow_planks":1,"zombie_extreme:golf_club":1,"minecraft:wheat_seeds":2,"biomesoplenty:willow_sapling":6,"zombie_extreme:butcher_knife":1,"lightmanscurrency:coin_iron":3,"argentinas_delight:cuernodetoro":1,"biomesoplenty:wildflower":1,"minecraft:cobblestone":9},"minecraft:mined":{"biomesoplenty:desert_grass":1,"minecraft:crafting_table":1,"minecraft:grass":7,"bakery:wild_strawberries":2,"minecraft:grass_block":1,"minecraft:dirt":3,"minecraft:tall_grass":1,"vinery:savanna_grape_bush_white":1,"minecraft:stone":8,"biomesoplenty:willow_log":5,"minecraft:fern":8,"minecraft:spawner":1},"minecraft:killed":{"minecraft:husk":1,"zombie_extreme:assasin_black_ops":1},"minecraft:dropped":{"minecraft:bread":2,"lightmanscurrency:coin_gold":11},"minecraft:custom":{"minecraft:time_since_rest":4765,"lootr:looted_stat":8,"minecraft:sprint_one_cm":31744,"minecraft:damage_taken":1514,"minecraft:walk_one_cm":51999,"minecraft:mob_kills":3,"minecraft:drop":13,"minecraft:damage_dealt":578,"minecraft:interact_with_crafting_table":8,"minecraft:fly_one_cm":58731,"minecraft:open_chest":2,"minecraft:crouch_one_cm":879,"minecraft:play_time":22583,"minecraft:deaths":4,"minecraft:sneak_time":273,"minecraft:jump":388,"minecraft:time_since_death":4747,"minecraft:climb_one_cm":4663,"minecraft:total_world_time":22583,"minecraft:fall_one_cm":12762}},"DataVersion":3465}