{"stats":{"minecraft:killed":{"zombie_extreme:inflated":1,"minecraft:husk":1,"minecraft:zombie":1,"zombie_extreme:assasin_black_ops":1},"minecraft:used":{"minecraft:stone_sword":12,"minecraft:bread":4,"minecraft:stone_pickaxe":1,"minecraft:chest":2,"minecraft:wooden_pickaxe":8,"minecraft:rotten_flesh":8,"minecraft:stone_axe":4,"minecraft:dirt":4,"minecraft:crafting_table":4,"bakery:strawberry":1,"zombie_extreme:golf_club":19,"alexsmobs:animal_dictionary":3},"minecraft:picked_up":{"bakery:strawberry":1,"minecraft:stick":1,"minecraft:crafting_table":1,"minecraft:leather":5,"sophisticatedbackpacks:backpack":1,"bakery:strawberry_seeds":1,"zombie_extreme:baseball_bat":1,"minecraft:cake":1,"zombie_extreme:kitchen_knife":1,"minecraft:string":4,"minecraft:dirt":4,"lightmanscurrency:coin_copper":11,"minecraft:bone":1,"minecraft:arrow":1,"minecraft:rotten_flesh":2,"biomesoplenty:willow_log":18,"biomesoplenty:willow_planks":1,"minecraft:wheat_seeds":3,"zombie_extreme:golf_club":1,"biomesoplenty:willow_sapling":6,"lightmanscurrency:coin_iron":3,"argentinas_delight:cuernodetoro":1,"biomesoplenty:wildflower":1,"zombie_extreme:butcher_knife":1,"minecraft:cobblestone":9},"minecraft:custom":{"minecraft:time_since_rest":9510,"lootr:looted_stat":13,"minecraft:sprint_one_cm":49369,"minecraft:damage_taken":2629,"minecraft:walk_one_cm":89957,"minecraft:mob_kills":6,"minecraft:drop":19,"minecraft:damage_dealt":1195,"minecraft:interact_with_crafting_table":10,"minecraft:fly_one_cm":91876,"minecraft:open_barrel":1,"minecraft:open_chest":2,"minecraft:crouch_one_cm":1570,"minecraft:play_time":47191,"minecraft:deaths":6,"minecraft:sneak_time":480,"minecraft:jump":658,"minecraft:leave_game":1,"minecraft:time_since_death":9495,"minecraft:sleep_in_bed":1,"minecraft:total_world_time":47191,"minecraft:climb_one_cm":4843,"minecraft:fall_one_cm":24128},"minecraft:killed_by":{"minecraft:player":1},"minecraft:mined":{"biomesoplenty:desert_grass":1,"minecraft:crafting_table":1,"minecraft:grass":18,"bakery:wild_strawberries":2,"minecraft:grass_block":1,"minecraft:dirt":3,"minecraft:tall_grass":1,"vinery:savanna_grape_bush_white":1,"biomesoplenty:willow_log":5,"minecraft:stone":8,"minecraft:fern":8,"minecraft:spawner":1},"minecraft:dropped":{"minecraft:bread":2,"lightmanscurrency:coin_copper":5,"minecraft:cake":1,"minecraft:leather":1,"sophisticatedbackpacks:backpack":1,"lightmanscurrency:coin_gold":11},"minecraft:crafted":{"sophisticatedbackpacks:backpack":1,"minecraft:crafting_table":3,"minecraft:stick":8,"minecraft:wooden_pickaxe":1,"minecraft:stone_pickaxe":1,"minecraft:stone_sword":1,"minecraft:chest":3,"biomesoplenty:willow_planks":72,"minecraft:stone_axe":1}},"DataVersion":3465}