{"stats":{"minecraft:broken":{"minecraft:stone_pickaxe":1},"minecraft:picked_up":{"vinery:savanna_grape_seeds_white":2,"minecraft:crafting_table":3,"minecraft:cooked_beef":1,"minecraft:leather":5,"alexsmobs:acacia_blossom":2,"create:raw_zinc":5,"minecraft:tuff":12,"bakery:strawberry_seeds":1,"minecraft:flint":2,"zombie_extreme:baseball_bat":1,"zombie_extreme:kitchen_knife":1,"minecraft:dirt":19,"minecraft:string":4,"minecraft:acacia_door":2,"minecraft:bone":5,"minecraft:cyan_carpet":1,"biomesoplenty:willow_planks":1,"zombie_extreme:golf_club":1,"minecraft:wheat_seeds":5,"minecraft:cobbled_deepslate":14,"minecraft:raw_gold":2,"zombie_extreme:barbed_fence":1,"minecraft:calcite":2,"lightmanscurrency:coin_iron":8,"biomesoplenty:wildflower":1,"minecraft:acacia_sapling":3,"minecraft:raw_iron":61,"minecraft:stick":4,"bakery:strawberry":1,"minecraft:acacia_log":18,"minecraft:raw_iron_block":2,"sophisticatedbackpacks:backpack":1,"minecraft:gravel":12,"minecraft:cake":1,"minecraft:redstone":32,"minecraft:bundle":1,"lightmanscurrency:coin_copper":29,"minecraft:diamond":1,"minecraft:arrow":1,"minecraft:rotten_flesh":8,"biomesoplenty:willow_log":18,"biomesoplenty:willow_sapling":6,"zombie_extreme:raw_thorium":1,"minecraft:bread":7,"supplementaries:ash":3,"argentinas_delight:cuernodetoro":1,"zombie_extreme:butcher_knife":1,"minecraft:coal":30,"minecraft:cobblestone":121},"minecraft:custom":{"minecraft:interact_with_smithing_table":1,"minecraft:interact_with_furnace":8,"lootr:looted_stat":15,"minecraft:interact_with_anvil":1,"minecraft:mob_kills":13,"minecraft:interact_with_crafting_table":22,"minecraft:open_barrel":1,"minecraft:eat_cake_slice":9,"minecraft:leave_game":1,"minecraft:time_since_death":2741,"minecraft:sleep_in_bed":1,"minecraft:climb_one_cm":4843,"minecraft:time_since_rest":2769,"minecraft:sprint_one_cm":88878,"minecraft:damage_absorbed":40,"minecraft:damage_taken":3494,"minecraft:walk_one_cm":171817,"minecraft:damage_blocked_by_shield":600,"minecraft:drop":30,"minecraft:damage_dealt":2474,"minecraft:swim_one_cm":1261,"minecraft:player_kills":1,"minecraft:fly_one_cm":141774,"minecraft:open_chest":4,"minecraft:crouch_one_cm":2436,"minecraft:play_time":88148,"minecraft:sneak_time":941,"minecraft:deaths":7,"minecraft:walk_under_water_one_cm":1179,"minecraft:jump":1395,"minecraft:interact_with_blast_furnace":1,"minecraft:walk_on_water_one_cm":7820,"minecraft:total_world_time":88148,"minecraft:fall_one_cm":42107},"minecraft:mined":{"create:deepslate_zinc_ore":5,"minecraft:deepslate_redstone_ore":7,"minecraft:tuff":12,"minecraft:deepslate_diamond_ore":1,"biomesoplenty:desert_grass":1,"minecraft:crafting_table":3,"minecraft:torch":1,"bakery:wild_strawberries":2,"minecraft:grass_block":5,"minecraft:calcite":2,"zombie_extreme:deepslate_lead":1,"zombie_extreme:deepslate_thorium":1,"minecraft:tall_grass":1,"minecraft:cobblestone":1,"vinery:savanna_grape_bush_white":1,"biomesoplenty:willow_log":5,"minecraft:spawner":1,"supplementaries:urn":2,"minecraft:raw_iron_block":2,"minecraft:grass":23,"minecraft:deepslate_iron_ore":61,"minecraft:coal_ore":27,"minecraft:gravel":14,"minecraft:acacia_door":2,"minecraft:dirt":7,"minecraft:stone":120,"minecraft:gold_ore":1,"minecraft:deepslate":10,"minecraft:fern":8},"minecraft:dropped":{"minecraft:bread":2,"minecraft:cooked_beef":1,"lightmanscurrency:coin_copper":5,"minecraft:leather":1,"sophisticatedbackpacks:backpack":1,"minecraft:coal":4,"lightmanscurrency:coin_gold":11,"minecraft:hay_block":9,"minecraft:beetroot_seeds":3,"minecraft:melon_seeds":3,"minecraft:cake":1,"minecraft:stone_pickaxe":1,"minecraft:raw_gold":1,"bossominium:charred_steak":1},"minecraft:crafted":{"minecraft:cooked_beef":2,"minecraft:wooden_shovel":1,"sophisticatedbackpacks:backpack":1,"minecraft:cooked_porkchop":2,"minecraft:crafting_table":4,"minecraft:wooden_pickaxe":1,"zombie_extreme:ignotsteel":2,"minecraft:furnace":1,"minecraft:stone_axe":1,"biomesoplenty:willow_planks":72,"minecraft:air":0,"biomesoplenty:willow_sign":3,"minecraft:shield":1,"minecraft:stick":16,"minecraft:iron_pickaxe":1,"minecraft:stone_pickaxe":2,"minecraft:stone_sword":1,"minecraft:chest":9,"minecraft:acacia_door":3,"minecraft:acacia_planks":72,"minecraft:torch":4,"bossominium:charred_steak":1},"minecraft:killed_by":{"minecraft:player":1,"minecraft:zombie":1},"minecraft:used":{"minecraft:stone_sword":12,"minecraft:stone_pickaxe":149,"minecraft:chest":8,"minecraft:wooden_pickaxe":8,"minecraft:shield":13,"minecraft:wooden_shovel":15,"minecraft:rotten_flesh":9,"endrem:lost_eye":1,"minecraft:torch":3,"minecraft:golden_apple":1,"minecraft:dirt":9,"minecraft:crafting_table":7,"bakery:strawberry":1,"zombie_extreme:golf_club":45,"minecraft:cake":1,"minecraft:acacia_door":1,"minecraft:bread":4,"minecraft:iron_pickaxe":97,"biomesoplenty:willow_sign":1,"minecraft:stone_axe":10,"minecraft:cobblestone":24,"minecraft:bow":5,"minecraft:furnace":1,"minecraft:cooked_porkchop":2,"alexsmobs:animal_dictionary":3,"minecraft:cooked_beef":1},"minecraft:killed":{"zombie_extreme:inflated":1,"minecraft:husk":1,"minecraft:skeleton":2,"minecraft:zombie":5,"alexsmobs:fly":1,"zombie_extreme:assasin_black_ops":1}},"DataVersion":3465}