{"stats":{"minecraft:custom":{"lootr:looted_stat":13,"minecraft:mob_kills":6,"minecraft:interact_with_crafting_table":14,"minecraft:open_barrel":1,"minecraft:eat_cake_slice":4,"minecraft:leave_game":1,"minecraft:time_since_death":20655,"minecraft:sleep_in_bed":1,"minecraft:climb_one_cm":4843,"minecraft:time_since_rest":20670,"minecraft:sprint_one_cm":62277,"minecraft:damage_taken":2779,"minecraft:walk_one_cm":113955,"minecraft:drop":19,"minecraft:damage_dealt":1250,"minecraft:fly_one_cm":110294,"minecraft:open_chest":2,"minecraft:crouch_one_cm":2033,"minecraft:play_time":58351,"minecraft:deaths":6,"minecraft:sneak_time":698,"minecraft:jump":811,"minecraft:total_world_time":58351,"minecraft:fall_one_cm":28900},"minecraft:killed":{"zombie_extreme:inflated":1,"minecraft:husk":1,"minecraft:zombie":1,"zombie_extreme:assasin_black_ops":1},"minecraft:dropped":{"minecraft:bread":2,"lightmanscurrency:coin_copper":5,"minecraft:leather":1,"sophisticatedbackpacks:backpack":1,"lightmanscurrency:coin_gold":11,"minecraft:cake":1},"minecraft:used":{"minecraft:stone_sword":12,"minecraft:stone_pickaxe":142,"minecraft:chest":2,"minecraft:wooden_pickaxe":8,"minecraft:wooden_shovel":15,"minecraft:rotten_flesh":8,"minecraft:torch":3,"minecraft:dirt":9,"minecraft:crafting_table":6,"bakery:strawberry":1,"zombie_extreme:golf_club":22,"minecraft:bread":4,"biomesoplenty:willow_sign":1,"minecraft:stone_axe":8,"minecraft:bow":5,"alexsmobs:animal_dictionary":3},"minecraft:broken":{"minecraft:stone_pickaxe":1},"minecraft:killed_by":{"minecraft:player":1},"minecraft:crafted":{"minecraft:wooden_shovel":1,"sophisticatedbackpacks:backpack":1,"minecraft:crafting_table":4,"minecraft:wooden_pickaxe":1,"minecraft:stone_axe":1,"biomesoplenty:willow_planks":72,"biomesoplenty:willow_sign":3,"minecraft:stick":16,"minecraft:stone_pickaxe":2,"minecraft:stone_sword":1,"minecraft:chest":3,"minecraft:torch":4},"minecraft:mined":{"biomesoplenty:desert_grass":1,"minecraft:crafting_table":3,"minecraft:torch":1,"bakery:wild_strawberries":2,"minecraft:grass_block":4,"minecraft:calcite":2,"minecraft:tall_grass":1,"vinery:savanna_grape_bush_white":1,"biomesoplenty:willow_log":5,"minecraft:spawner":1,"minecraft:grass":23,"minecraft:coal_ore":27,"minecraft:gravel":14,"minecraft:dirt":6,"minecraft:stone":120,"minecraft:fern":8},"minecraft:picked_up":{"minecraft:crafting_table":3,"minecraft:leather":5,"alexsmobs:acacia_blossom":2,"bakery:strawberry_seeds":1,"minecraft:flint":2,"zombie_extreme:baseball_bat":1,"zombie_extreme:kitchen_knife":1,"minecraft:dirt":10,"minecraft:string":4,"minecraft:bone":1,"minecraft:cyan_carpet":1,"biomesoplenty:willow_planks":1,"zombie_extreme:golf_club":1,"minecraft:wheat_seeds":5,"zombie_extreme:barbed_fence":1,"minecraft:calcite":2,"biomesoplenty:wildflower":1,"lightmanscurrency:coin_iron":3,"minecraft:acacia_sapling":3,"minecraft:stick":4,"bakery:strawberry":1,"minecraft:acacia_log":18,"minecraft:gravel":12,"sophisticatedbackpacks:backpack":1,"minecraft:cake":1,"lightmanscurrency:coin_copper":11,"minecraft:arrow":1,"minecraft:rotten_flesh":2,"biomesoplenty:willow_log":18,"biomesoplenty:willow_sapling":6,"argentinas_delight:cuernodetoro":1,"zombie_extreme:butcher_knife":1,"minecraft:coal":27,"minecraft:cobblestone":120}},"DataVersion":3465}