{"stats":{"minecraft:crafted":{"biomesoplenty:willow_planks":12,"minecraft:crafting_table":1,"minecraft:stick":4,"minecraft:wooden_pickaxe":1},"minecraft:used":{"minecraft:crafting_table":1,"alexsmobs:animal_dictionary":3,"minecraft:wooden_pickaxe":1},"minecraft:picked_up":{"biomesoplenty:willow_log":3,"minecraft:wheat_seeds":1,"minecraft:cobblestone":1},"minecraft:custom":{"minecraft:time_since_rest":4977,"minecraft:crouch_one_cm":165,"minecraft:play_time":4977,"minecraft:sprint_one_cm":3022,"minecraft:damage_taken":360,"minecraft:walk_one_cm":7685,"minecraft:sneak_time":42,"minecraft:jump":41,"minecraft:damage_dealt":10,"minecraft:time_since_death":4977,"minecraft:total_world_time":4977,"minecraft:fly_one_cm":7495,"minecraft:interact_with_crafting_table":1,"minecraft:fall_one_cm":1740},"minecraft:mined":{"minecraft:grass":3,"minecraft:stone":1,"biomesoplenty:willow_log":3,"minecraft:fern":2}},"DataVersion":3465}