{"stats":{"minecraft:crafted":{"minecraft:crafting_table":1,"minecraft:stick":8,"minecraft:wooden_pickaxe":1,"minecraft:stone_pickaxe":1,"biomesoplenty:willow_planks":12,"minecraft:stone_axe":1},"minecraft:used":{"biomesoplenty:willow_log":1,"minecraft:stone_pickaxe":3,"minecraft:wooden_pickaxe":8,"minecraft:stone_axe":37,"minecraft:dirt":4,"minecraft:crafting_table":1,"alexsmobs:animal_dictionary":3},"minecraft:picked_up":{"minecraft:book":3,"minecraft:stick":11,"minecraft:crafting_table":1,"zombie_extreme:decomposing_backpack":1,"minecraft:dirt":12,"zombie_extreme:dead_body":1,"minecraft:bone":1,"zombie_extreme:washing_machine":1,"minecraft:rotten_flesh":2,"biomesoplenty:willow_log":31,"biomesoplenty:willow_sapling":18,"zombie_extreme:cloth":1,"minecraft:cobblestone":8},"minecraft:mined":{"zombie_extreme:washing_machine":1,"zombie_extreme:decomposing_backpack":1,"minecraft:crafting_table":1,"minecraft:bookshelf":1,"minecraft:grass_block":3,"minecraft:dirt":9,"zombie_extreme:dead_body":1,"minecraft:stone":8,"biomesoplenty:willow_log":20,"zombie_extreme:birdsnest":1,"minecraft:fern":8},"minecraft:killed":{"minecraft:zombie":1,"zombie_extreme:infected_military":1},"minecraft:dropped":{"minecraft:wooden_pickaxe":1,"zombie_extreme:dead_body":1},"minecraft:custom":{"minecraft:time_since_rest":7941,"lootr:looted_stat":1,"minecraft:sprint_one_cm":13440,"minecraft:damage_taken":60,"minecraft:walk_one_cm":11785,"minecraft:mob_kills":2,"minecraft:drop":2,"minecraft:damage_dealt":647,"minecraft:damage_dealt_absorbed":47,"minecraft:interact_with_crafting_table":2,"minecraft:fly_one_cm":20885,"minecraft:crouch_one_cm":465,"minecraft:play_time":7941,"minecraft:sneak_time":328,"minecraft:damage_dealt_resisted":86,"minecraft:jump":110,"minecraft:walk_on_water_one_cm":2886,"minecraft:time_since_death":7941,"minecraft:total_world_time":7941,"minecraft:fall_one_cm":1674}},"DataVersion":3465}