{"stats":{"minecraft:custom":{"lootr:looted_stat":18,"minecraft:mob_kills":4,"minecraft:interact_with_crafting_table":31,"minecraft:open_barrel":9,"minecraft:damage_dealt_resisted":86,"minecraft:leave_game":3,"minecraft:time_since_death":70756,"minecraft:climb_one_cm":4579,"minecraft:sprint_one_cm":112610,"minecraft:walk_one_cm":115608,"minecraft:drop":34,"minecraft:damage_dealt_absorbed":47,"minecraft:talked_to_villager":1,"minecraft:play_time":95890,"minecraft:deaths":3,"minecraft:sneak_time":4040,"minecraft:walk_under_water_one_cm":13930,"minecraft:jump":784,"minecraft:interact_with_blast_furnace":4,"minecraft:walk_on_water_one_cm":10369,"minecraft:total_world_time":95890,"minecraft:interact_with_furnace":19,"minecraft:sleep_in_bed":3,"minecraft:time_since_rest":70782,"minecraft:damage_taken":1655,"minecraft:damage_dealt":1814,"minecraft:swim_one_cm":11952,"minecraft:fly_one_cm":132016,"minecraft:open_chest":20,"minecraft:crouch_one_cm":9277,"minecraft:interact_with_smoker":5,"minecraft:fall_one_cm":18749},"minecraft:crafted":{"minecraft:smooth_stone":9,"minecraft:furnace":8,"minecraft:blast_furnace":3,"minecraft:stone":9,"minecraft:stone_pickaxe":1,"minecraft:chest":4,"minecraft:smoker":1,"minecraft:wheat":27,"minecraft:cooked_porkchop":4,"minecraft:crafting_table":6,"minecraft:wooden_pickaxe":1,"biomesoplenty:willow_planks":104,"minecraft:stone_axe":1,"minecraft:bread":11,"minecraft:acacia_boat":1,"minecraft:air":0,"minecraft:stick":24,"minecraft:iron_pickaxe":3,"minecraft:iron_ingot":27,"minecraft:stone_sword":1,"minecraft:acacia_door":3,"minecraft:acacia_planks":36,"minecraft:torch":20,"biomesoplenty:willow_door":3},"minecraft:broken":{"minecraft:iron_pickaxe":1},"minecraft:killed":{"zombie_extreme:clicker":1,"zombie_extreme:infected_military":1,"minecraft:zombie":1,"zombie_extreme:fetus":1},"minecraft:mined":{"minecraft:acacia_log":1,"minecraft:grass_block":5,"minecraft:jungle_log":1,"vinery:savanna_grape_bush_red":5,"zombie_extreme:dead_body":1,"minecraft:hay_block":3,"argentinas_delight:espinacamadura":5,"minecraft:furnace":1,"zombie_extreme:ore_lead":2,"minecraft:iron_ore":73,"zombie_extreme:decomposing_backpack":3,"zombie_extreme:ore_steel":7,"minecraft:bookshelf":6,"supplementaries:stick":1,"zombie_extreme:oil_shale_sand":8,"minecraft:vine":1,"minecraft:stone":305,"zombie_extreme:birdsnest":2,"create:limestone":11,"zombie_extreme:washing_machine":1,"minecraft:red_bed":4,"minecraft:crafting_table":1,"minecraft:melon":2,"minecraft:chest":1,"minecraft:rose_bush":1,"minecraft:glass":2,"vinery:savanna_grape_bush_white":2,"minecraft:cobblestone":1,"farmersdelight:wild_tomatoes":1,"biomesoplenty:willow_log":20,"minecraft:sugar_cane":2,"minecraft:wall_torch":1,"zombie_extreme:ore_tin":10,"minecraft:grass":5,"minecraft:coal_ore":43,"minecraft:cocoa":1,"minecraft:dirt":16,"minecraft:cobweb":14,"create:crimsite":18,"minecraft:oak_leaves":3,"minecraft:fern":15},"minecraft:dropped":{"farmersdelight:tomato_seeds":1,"biomesoplenty:willow_sapling":36,"minecraft:lantern":1,"biomesoplenty:willow_log":7,"create:crimsite":9,"zombie_extreme:kitchen_knife":1,"zombie_extreme:baseball_bat":2,"minecraft:acacia_planks":32,"vinery:savanna_grape_seeds_red":10,"minecraft:stone_axe":1,"minecraft:stone_sword":1,"minecraft:bowl":2,"minecraft:wheat":2,"minecraft:rotten_flesh":2,"zombie_extreme:dead_body":1,"vinery:savanna_grape_seeds_white":2,"zombie_extreme:golf_club":1,"minecraft:jungle_log":5,"create:limestone":4,"minecraft:chest":2,"zombie_extreme:butcher_knife":2,"biomesoplenty:willow_planks":1,"vinery:savanna_grapes_white":2,"minecraft:stone_pickaxe":1,"minecraft:wooden_pickaxe":1,"biomesoplenty:willow_door":9,"argentinas_delight:espinacaitem":3},"minecraft:used":{"create:limestone":7,"minecraft:stone_sword":25,"minecraft:chest":4,"minecraft:stick":1,"minecraft:torch":20,"minecraft:dirt":21,"minecraft:jungle_log":2,"zombie_extreme:green_apple":1,"minecraft:furnace":5,"minecraft:acacia_boat":3,"zombie_extreme:fireaxe":3,"biomesoplenty:willow_log":1,"zombie_extreme:decomposing_backpack":1,"minecraft:stone_pickaxe":75,"biomesoplenty:willow_planks":1,"create:crimsite":2,"minecraft:wooden_pickaxe":8,"zombie_extreme:rotten_apple":1,"zombie_extreme:chips":4,"minecraft:crafting_table":7,"minecraft:red_bed":4,"minecraft:blast_furnace":3,"zombie_extreme:washing_machine":1,"minecraft:smoker":1,"minecraft:acacia_door":3,"biomesoplenty:willow_door":1,"minecraft:bread":4,"minecraft:iron_pickaxe":403,"vinery:savanna_grape_seeds_white":2,"minecraft:stone_axe":75,"minecraft:cobblestone":3,"alexsmobs:animal_dictionary":6,"minecraft:cobweb":8},"minecraft:picked_up":{"vinery:savanna_grape_seeds_white":5,"minecraft:cocoa_beans":3,"minecraft:crafting_table":1,"zombie_extreme:raw_tin":10,"zombie_extreme:baseball_bat":1,"vinery:savanna_grape_seeds_red":10,"zombie_extreme:decomposing_backpack":3,"minecraft:string":14,"minecraft:red_bed":4,"create:limestone":11,"vinery:savanna_grapes_red":1,"minecraft:jungle_sapling":1,"zombie_extreme:oil_shale":7,"minecraft:melon_slice":14,"minecraft:sugar_cane":6,"minecraft:chest":2,"minecraft:furnace":1,"minecraft:stick":14,"minecraft:raw_iron":73,"minecraft:torch":1,"minecraft:acacia_log":9,"farmersdelight:tomato_seeds":1,"minecraft:rotten_flesh":2,"biomesoplenty:willow_sapling":54,"minecraft:hay_block":3,"minecraft:cobblestone":304,"minecraft:jungle_log":7,"alexsmobs:cachalot_whale_tooth":1,"minecraft:acacia_boat":2,"vinery:savanna_grapes_white":2,"minecraft:dirt":21,"zombie_extreme:raw_steel":7,"minecraft:lantern":1,"zombie_extreme:raw_lead":2,"zombie_extreme:dead_body":1,"minecraft:bone":1,"zombie_extreme:washing_machine":1,"minecraft:acacia_planks":32,"minecraft:wheat_seeds":2,"zombie_extreme:cloth":1,"minecraft:acacia_sapling":3,"minecraft:book":18,"argentinas_delight:espinacaitem":9,"biomesoplenty:willow_door":7,"create:crimsite":18,"biomesoplenty:willow_log":61,"minecraft:coal":43}},"DataVersion":3465}