{"stats":{"minecraft:custom":{"minecraft:interact_with_furnace":13,"lootr:looted_stat":18,"minecraft:mob_kills":4,"minecraft:interact_with_crafting_table":26,"minecraft:open_barrel":9,"minecraft:damage_dealt_resisted":86,"minecraft:leave_game":3,"minecraft:time_since_death":58756,"minecraft:sleep_in_bed":3,"minecraft:climb_one_cm":4579,"minecraft:time_since_rest":58782,"minecraft:sprint_one_cm":93938,"minecraft:damage_taken":1655,"minecraft:walk_one_cm":88515,"minecraft:drop":32,"minecraft:damage_dealt":1814,"minecraft:damage_dealt_absorbed":47,"minecraft:swim_one_cm":11952,"minecraft:fly_one_cm":129091,"minecraft:talked_to_villager":1,"minecraft:open_chest":20,"minecraft:crouch_one_cm":6357,"minecraft:play_time":83890,"minecraft:sneak_time":2461,"minecraft:deaths":3,"minecraft:walk_under_water_one_cm":13930,"minecraft:jump":634,"minecraft:walk_on_water_one_cm":6354,"minecraft:total_world_time":83890,"minecraft:interact_with_smoker":5,"minecraft:fall_one_cm":18749},"minecraft:crafted":{"minecraft:cooked_porkchop":4,"minecraft:crafting_table":5,"minecraft:wooden_pickaxe":1,"minecraft:furnace":3,"minecraft:stone_axe":1,"biomesoplenty:willow_planks":104,"minecraft:acacia_boat":1,"minecraft:bread":11,"minecraft:air":0,"minecraft:stick":16,"minecraft:iron_ingot":5,"minecraft:iron_pickaxe":1,"minecraft:stone_pickaxe":1,"minecraft:stone_sword":1,"minecraft:chest":4,"minecraft:acacia_door":3,"minecraft:acacia_planks":36,"minecraft:torch":20,"biomesoplenty:willow_door":3,"minecraft:wheat":27,"minecraft:smoker":1},"minecraft:killed":{"zombie_extreme:infected_military":1,"zombie_extreme:clicker":1,"minecraft:zombie":1,"zombie_extreme:fetus":1},"minecraft:dropped":{"farmersdelight:tomato_seeds":1,"minecraft:stone_axe":1,"minecraft:stone_sword":1,"biomesoplenty:willow_sapling":36,"minecraft:bowl":2,"minecraft:wheat":2,"minecraft:rotten_flesh":2,"minecraft:lantern":1,"biomesoplenty:willow_log":7,"zombie_extreme:dead_body":1,"zombie_extreme:kitchen_knife":1,"vinery:savanna_grape_seeds_white":2,"zombie_extreme:golf_club":1,"minecraft:jungle_log":5,"zombie_extreme:baseball_bat":2,"zombie_extreme:butcher_knife":2,"minecraft:chest":2,"biomesoplenty:willow_planks":1,"vinery:savanna_grapes_white":2,"minecraft:wooden_pickaxe":1,"minecraft:stone_pickaxe":1,"biomesoplenty:willow_door":9,"minecraft:acacia_planks":32,"vinery:savanna_grape_seeds_red":10,"argentinas_delight:espinacaitem":3},"minecraft:mined":{"zombie_extreme:washing_machine":1,"minecraft:red_bed":4,"minecraft:crafting_table":1,"minecraft:acacia_log":1,"minecraft:grass_block":5,"minecraft:melon":2,"minecraft:chest":1,"minecraft:jungle_log":1,"minecraft:rose_bush":1,"vinery:savanna_grape_bush_red":5,"zombie_extreme:dead_body":1,"minecraft:wall_torch":1,"minecraft:glass":2,"minecraft:cobblestone":1,"vinery:savanna_grape_bush_white":2,"farmersdelight:wild_tomatoes":1,"biomesoplenty:willow_log":20,"minecraft:sugar_cane":2,"minecraft:hay_block":3,"argentinas_delight:espinacamadura":5,"zombie_extreme:ore_tin":5,"minecraft:iron_ore":19,"zombie_extreme:decomposing_backpack":3,"supplementaries:stick":1,"minecraft:grass":5,"minecraft:bookshelf":6,"minecraft:coal_ore":26,"zombie_extreme:oil_shale_sand":8,"minecraft:cocoa":1,"minecraft:vine":1,"minecraft:dirt":14,"minecraft:cobweb":14,"minecraft:stone":160,"zombie_extreme:birdsnest":2,"minecraft:oak_leaves":3,"minecraft:fern":15},"minecraft:used":{"zombie_extreme:fireaxe":3,"minecraft:acacia_boat":3,"biomesoplenty:willow_log":1,"minecraft:stone_sword":25,"zombie_extreme:decomposing_backpack":1,"biomesoplenty:willow_planks":1,"minecraft:stone_pickaxe":75,"minecraft:chest":4,"minecraft:wooden_pickaxe":8,"zombie_extreme:rotten_apple":1,"minecraft:stick":1,"zombie_extreme:chips":4,"minecraft:torch":10,"minecraft:dirt":19,"minecraft:crafting_table":6,"minecraft:red_bed":4,"zombie_extreme:washing_machine":1,"minecraft:smoker":1,"minecraft:acacia_door":3,"biomesoplenty:willow_door":1,"minecraft:bread":4,"minecraft:iron_pickaxe":143,"minecraft:jungle_log":2,"vinery:savanna_grape_seeds_white":2,"minecraft:stone_axe":75,"minecraft:cobblestone":3,"zombie_extreme:green_apple":1,"minecraft:furnace":2,"alexsmobs:animal_dictionary":6,"minecraft:cobweb":8},"minecraft:picked_up":{"vinery:savanna_grape_seeds_white":5,"minecraft:cocoa_beans":3,"minecraft:crafting_table":1,"minecraft:jungle_log":7,"zombie_extreme:raw_tin":5,"alexsmobs:cachalot_whale_tooth":1,"zombie_extreme:baseball_bat":1,"vinery:savanna_grape_seeds_red":10,"minecraft:acacia_boat":2,"zombie_extreme:decomposing_backpack":3,"vinery:savanna_grapes_white":2,"minecraft:dirt":19,"minecraft:string":14,"minecraft:red_bed":4,"minecraft:lantern":1,"zombie_extreme:dead_body":1,"minecraft:bone":1,"vinery:savanna_grapes_red":1,"minecraft:acacia_planks":32,"zombie_extreme:washing_machine":1,"minecraft:wheat_seeds":2,"minecraft:jungle_sapling":1,"zombie_extreme:cloth":1,"zombie_extreme:oil_shale":7,"minecraft:melon_slice":14,"minecraft:sugar_cane":6,"minecraft:chest":2,"minecraft:acacia_sapling":3,"minecraft:book":18,"minecraft:stick":14,"minecraft:raw_iron":19,"minecraft:torch":1,"minecraft:acacia_log":9,"farmersdelight:tomato_seeds":1,"argentinas_delight:espinacaitem":9,"biomesoplenty:willow_door":7,"minecraft:rotten_flesh":2,"biomesoplenty:willow_log":61,"biomesoplenty:willow_sapling":54,"minecraft:hay_block":3,"minecraft:coal":26,"minecraft:cobblestone":161}},"DataVersion":3465}