{"stats":{"minecraft:crafted":{"minecraft:crafting_table":1,"minecraft:wooden_pickaxe":1,"minecraft:stone_axe":1,"biomesoplenty:willow_planks":12,"minecraft:bread":11,"minecraft:stick":8,"minecraft:stone_pickaxe":1,"minecraft:stone_sword":1,"minecraft:acacia_planks":36,"minecraft:wheat":27},"minecraft:used":{"biomesoplenty:willow_log":1,"minecraft:stone_sword":15,"zombie_extreme:decomposing_backpack":1,"minecraft:stone_pickaxe":5,"minecraft:wooden_pickaxe":8,"zombie_extreme:rotten_apple":1,"zombie_extreme:chips":4,"minecraft:dirt":13,"minecraft:crafting_table":2,"minecraft:red_bed":1,"zombie_extreme:washing_machine":1,"minecraft:bread":2,"vinery:savanna_grape_seeds_white":2,"minecraft:stone_axe":52,"alexsmobs:animal_dictionary":3,"minecraft:cobweb":8},"minecraft:picked_up":{"vinery:savanna_grape_seeds_white":5,"minecraft:crafting_table":1,"zombie_extreme:baseball_bat":1,"vinery:savanna_grape_seeds_red":10,"vinery:savanna_grapes_white":2,"zombie_extreme:decomposing_backpack":3,"minecraft:dirt":13,"minecraft:string":14,"minecraft:red_bed":2,"minecraft:lantern":1,"zombie_extreme:dead_body":1,"minecraft:bone":1,"vinery:savanna_grapes_red":1,"zombie_extreme:washing_machine":1,"zombie_extreme:cloth":1,"minecraft:acacia_sapling":3,"minecraft:book":18,"minecraft:stick":13,"minecraft:acacia_log":9,"farmersdelight:tomato_seeds":1,"argentinas_delight:espinacaitem":3,"minecraft:rotten_flesh":2,"biomesoplenty:willow_log":31,"biomesoplenty:willow_sapling":18,"minecraft:hay_block":3,"minecraft:cobblestone":8},"minecraft:mined":{"zombie_extreme:washing_machine":1,"minecraft:red_bed":2,"minecraft:crafting_table":1,"minecraft:acacia_log":1,"minecraft:grass_block":3,"vinery:savanna_grape_bush_red":5,"zombie_extreme:dead_body":1,"vinery:savanna_grape_bush_white":2,"farmersdelight:wild_tomatoes":1,"biomesoplenty:willow_log":20,"minecraft:hay_block":3,"argentinas_delight:espinacamadura":3,"zombie_extreme:decomposing_backpack":3,"minecraft:grass":4,"minecraft:bookshelf":6,"minecraft:dirt":10,"minecraft:cobweb":14,"minecraft:stone":8,"zombie_extreme:birdsnest":2,"minecraft:fern":8},"minecraft:killed":{"zombie_extreme:infected_military":1,"minecraft:zombie":1},"minecraft:dropped":{"minecraft:lantern":1,"zombie_extreme:dead_body":1,"zombie_extreme:kitchen_knife":1,"vinery:savanna_grape_seeds_white":2,"zombie_extreme:golf_club":1,"zombie_extreme:baseball_bat":2,"zombie_extreme:butcher_knife":2,"biomesoplenty:willow_planks":1,"vinery:savanna_grapes_white":2,"minecraft:wooden_pickaxe":1,"vinery:savanna_grape_seeds_red":10},"minecraft:custom":{"lootr:looted_stat":11,"minecraft:mob_kills":2,"minecraft:interact_with_crafting_table":5,"minecraft:open_barrel":5,"minecraft:damage_dealt_resisted":86,"minecraft:sleep_in_bed":1,"minecraft:time_since_death":2714,"minecraft:climb_one_cm":4243,"minecraft:time_since_rest":862,"minecraft:sprint_one_cm":51650,"minecraft:damage_taken":611,"minecraft:walk_one_cm":32808,"minecraft:drop":14,"minecraft:damage_dealt":647,"minecraft:damage_dealt_absorbed":47,"minecraft:fly_one_cm":73316,"minecraft:crouch_one_cm":1562,"minecraft:play_time":19941,"minecraft:deaths":1,"minecraft:sneak_time":630,"minecraft:jump":341,"minecraft:walk_on_water_one_cm":2886,"minecraft:total_world_time":19941,"minecraft:fall_one_cm":11135}},"DataVersion":3465}