{"stats":{"minecraft:killed":{"zombie_extreme:infected_military":1,"zombie_extreme:clicker":1,"minecraft:zombie":1,"zombie_extreme:fetus":1},"minecraft:used":{"biomesoplenty:willow_log":1,"minecraft:stone_sword":25,"zombie_extreme:decomposing_backpack":1,"minecraft:stone_pickaxe":66,"biomesoplenty:willow_planks":1,"minecraft:chest":2,"minecraft:wooden_pickaxe":8,"zombie_extreme:rotten_apple":1,"zombie_extreme:chips":4,"minecraft:torch":4,"minecraft:dirt":13,"minecraft:crafting_table":3,"minecraft:red_bed":3,"zombie_extreme:washing_machine":1,"minecraft:smoker":1,"biomesoplenty:willow_door":1,"minecraft:bread":2,"vinery:savanna_grape_seeds_white":2,"minecraft:stone_axe":65,"minecraft:cobblestone":2,"minecraft:furnace":1,"alexsmobs:animal_dictionary":4,"minecraft:cobweb":8},"minecraft:custom":{"minecraft:interact_with_furnace":9,"lootr:looted_stat":11,"minecraft:mob_kills":4,"minecraft:interact_with_crafting_table":14,"minecraft:open_barrel":5,"minecraft:damage_dealt_resisted":86,"minecraft:leave_game":1,"minecraft:time_since_death":3369,"minecraft:sleep_in_bed":3,"minecraft:climb_one_cm":4243,"minecraft:time_since_rest":3395,"minecraft:sprint_one_cm":54822,"minecraft:damage_taken":1575,"minecraft:walk_one_cm":52394,"minecraft:drop":23,"minecraft:damage_dealt":1654,"minecraft:damage_dealt_absorbed":47,"minecraft:fly_one_cm":73882,"minecraft:open_chest":12,"minecraft:crouch_one_cm":2850,"minecraft:play_time":28503,"minecraft:deaths":3,"minecraft:sneak_time":1010,"minecraft:jump":353,"minecraft:walk_on_water_one_cm":2886,"minecraft:total_world_time":28503,"minecraft:interact_with_smoker":4,"minecraft:fall_one_cm":11135},"minecraft:picked_up":{"vinery:savanna_grape_seeds_white":5,"minecraft:crafting_table":1,"zombie_extreme:baseball_bat":1,"vinery:savanna_grape_seeds_red":10,"zombie_extreme:decomposing_backpack":3,"vinery:savanna_grapes_white":2,"minecraft:dirt":13,"minecraft:string":14,"minecraft:red_bed":4,"minecraft:lantern":1,"zombie_extreme:dead_body":1,"minecraft:bone":1,"vinery:savanna_grapes_red":1,"minecraft:acacia_planks":32,"zombie_extreme:washing_machine":1,"zombie_extreme:cloth":1,"minecraft:chest":2,"minecraft:acacia_sapling":3,"minecraft:book":18,"minecraft:stick":13,"minecraft:acacia_log":9,"farmersdelight:tomato_seeds":1,"argentinas_delight:espinacaitem":3,"biomesoplenty:willow_door":4,"minecraft:rotten_flesh":2,"biomesoplenty:willow_log":61,"biomesoplenty:willow_sapling":54,"minecraft:hay_block":3,"minecraft:coal":1,"minecraft:cobblestone":68},"minecraft:mined":{"zombie_extreme:washing_machine":1,"minecraft:red_bed":4,"minecraft:crafting_table":1,"minecraft:acacia_log":1,"minecraft:grass_block":3,"vinery:savanna_grape_bush_red":5,"zombie_extreme:dead_body":1,"vinery:savanna_grape_bush_white":2,"biomesoplenty:willow_log":20,"farmersdelight:wild_tomatoes":1,"minecraft:hay_block":3,"argentinas_delight:espinacamadura":3,"zombie_extreme:decomposing_backpack":3,"minecraft:grass":4,"minecraft:bookshelf":6,"minecraft:coal_ore":1,"minecraft:dirt":10,"minecraft:cobweb":14,"minecraft:stone":68,"zombie_extreme:birdsnest":2,"minecraft:fern":8},"minecraft:dropped":{"farmersdelight:tomato_seeds":1,"biomesoplenty:willow_sapling":36,"minecraft:lantern":1,"biomesoplenty:willow_log":7,"zombie_extreme:dead_body":1,"zombie_extreme:kitchen_knife":1,"vinery:savanna_grape_seeds_white":2,"zombie_extreme:golf_club":1,"zombie_extreme:baseball_bat":2,"minecraft:chest":2,"zombie_extreme:butcher_knife":2,"biomesoplenty:willow_planks":1,"vinery:savanna_grapes_white":2,"minecraft:wooden_pickaxe":1,"biomesoplenty:willow_door":6,"minecraft:acacia_planks":32,"vinery:savanna_grape_seeds_red":10},"minecraft:crafted":{"minecraft:cooked_porkchop":4,"minecraft:crafting_table":2,"minecraft:wooden_pickaxe":1,"minecraft:furnace":2,"minecraft:stone_axe":1,"biomesoplenty:willow_planks":104,"minecraft:bread":11,"minecraft:air":0,"minecraft:stick":8,"minecraft:iron_ingot":5,"minecraft:stone_pickaxe":1,"minecraft:stone_sword":1,"minecraft:chest":2,"minecraft:acacia_planks":36,"minecraft:torch":4,"biomesoplenty:willow_door":3,"minecraft:wheat":27,"minecraft:smoker":1}},"DataVersion":3465}