{"stats":{"minecraft:killed_by":{"minecraft:skeleton":2,"minecraft:zombie":1},"minecraft:broken":{"minecraft:iron_axe":1,"minecraft:iron_pickaxe":1},"minecraft:dropped":{"farmersdelight:tomato_seeds":1,"biomesoplenty:willow_sapling":36,"minecraft:lantern":1,"biomesoplenty:willow_log":7,"create:crimsite":16,"zombie_extreme:kitchen_knife":1,"biomesoplenty:orange_sand":1,"zombie_extreme:baseball_bat":2,"minecraft:acacia_planks":32,"vinery:savanna_grape_seeds_red":10,"minecraft:stone_axe":1,"minecraft:stone_sword":1,"minecraft:bowl":2,"minecraft:wheat":2,"minecraft:rotten_flesh":2,"zombie_extreme:dead_body":1,"minecraft:shears":1,"vinery:savanna_grape_seeds_white":2,"zombie_extreme:golf_club":1,"minecraft:jungle_log":5,"zombie_extreme:butcher_knife":2,"minecraft:chest":2,"create:limestone":4,"biomesoplenty:willow_planks":1,"vinery:savanna_grapes_white":2,"minecraft:wooden_pickaxe":1,"minecraft:stone_pickaxe":1,"biomesoplenty:willow_door":9,"argentinas_delight:espinacaitem":3},"minecraft:custom":{"lootr:looted_stat":18,"minecraft:mob_kills":16,"minecraft:interact_with_crafting_table":40,"minecraft:open_barrel":9,"minecraft:damage_dealt_resisted":86,"minecraft:leave_game":3,"minecraft:time_since_death":14580,"minecraft:climb_one_cm":4615,"minecraft:sprint_one_cm":139610,"minecraft:walk_one_cm":144556,"minecraft:damage_blocked_by_shield":2130,"minecraft:drop":37,"minecraft:damage_dealt_absorbed":47,"minecraft:talked_to_villager":1,"minecraft:play_time":119454,"minecraft:sneak_time":4574,"minecraft:deaths":6,"minecraft:walk_under_water_one_cm":24623,"minecraft:jump":929,"minecraft:interact_with_blast_furnace":21,"minecraft:walk_on_water_one_cm":19834,"minecraft:total_world_time":119454,"minecraft:interact_with_furnace":25,"minecraft:sleep_in_bed":3,"minecraft:time_since_rest":14605,"minecraft:damage_taken":2555,"minecraft:damage_dealt":4098,"minecraft:swim_one_cm":26370,"minecraft:fly_one_cm":145580,"minecraft:open_chest":30,"minecraft:crouch_one_cm":10448,"minecraft:interact_with_smoker":5,"minecraft:fall_one_cm":19794},"minecraft:crafted":{"minecraft:smooth_stone":9,"minecraft:furnace":8,"minecraft:blast_furnace":3,"minecraft:stone":9,"minecraft:iron_boots":1,"minecraft:iron_axe":1,"minecraft:iron_hoe":1,"minecraft:stone_pickaxe":1,"minecraft:chest":8,"minecraft:smoker":1,"minecraft:wheat":27,"zombie_extreme:ignotlead":2,"minecraft:cooked_porkchop":4,"minecraft:crafting_table":6,"minecraft:wooden_pickaxe":1,"minecraft:iron_helmet":1,"minecraft:bucket":3,"minecraft:stone_axe":1,"biomesoplenty:willow_planks":104,"minecraft:bread":11,"minecraft:acacia_boat":1,"minecraft:air":0,"minecraft:jungle_planks":32,"minecraft:iron_chestplate":1,"minecraft:shield":1,"minecraft:stick":24,"minecraft:iron_ingot":78,"minecraft:iron_pickaxe":3,"minecraft:stone_sword":1,"minecraft:acacia_door":3,"minecraft:iron_leggings":1,"minecraft:acacia_planks":36,"minecraft:torch":20,"biomesoplenty:willow_door":3,"minecraft:shears":1},"minecraft:mined":{"minecraft:acacia_log":1,"minecraft:grass_block":6,"minecraft:jungle_log":1,"vinery:savanna_grape_bush_red":5,"zombie_extreme:dead_body":1,"biomesoplenty:mahogany_sapling":3,"minecraft:hay_block":3,"argentinas_delight:espinacamadura":5,"minecraft:furnace":1,"minecraft:jungle_sapling":1,"zombie_extreme:ore_lead":2,"minecraft:iron_ore":73,"zombie_extreme:decomposing_backpack":3,"zombie_extreme:ore_steel":7,"minecraft:bookshelf":6,"supplementaries:stick":1,"zombie_extreme:oil_shale_sand":8,"minecraft:vine":2,"minecraft:stone":334,"zombie_extreme:birdsnest":2,"create:limestone":11,"zombie_extreme:washing_machine":1,"vinery:jungle_grape_bush_red":1,"minecraft:red_bed":4,"minecraft:crafting_table":1,"minecraft:melon":2,"minecraft:chest":1,"minecraft:rose_bush":1,"minecraft:glass":2,"minecraft:cobblestone":1,"vinery:savanna_grape_bush_white":2,"farmersdelight:wild_tomatoes":1,"biomesoplenty:willow_log":20,"minecraft:sugar_cane":2,"minecraft:wall_torch":1,"minecraft:seagrass":1,"zombie_extreme:ore_tin":10,"biomesoplenty:mahogany_log":3,"minecraft:grass":9,"minecraft:coal_ore":43,"minecraft:cocoa":1,"minecraft:dirt":18,"minecraft:cobweb":14,"create:crimsite":18,"minecraft:oak_leaves":3,"minecraft:fern":49},"minecraft:picked_up":{"vinery:savanna_grape_seeds_white":5,"minecraft:cocoa_beans":3,"minecraft:crafting_table":1,"zombie_extreme:raw_tin":10,"zombie_extreme:baseball_bat":1,"vinery:savanna_grape_seeds_red":10,"zombie_extreme:decomposing_backpack":3,"minecraft:string":14,"minecraft:red_bed":4,"create:limestone":11,"vinery:savanna_grapes_red":1,"minecraft:jungle_sapling":3,"zombie_extreme:oil_shale":7,"minecraft:melon_slice":14,"minecraft:sugar_cane":6,"minecraft:chest":2,"crittersandcompanions:clam":2,"minecraft:furnace":1,"minecraft:stick":23,"minecraft:raw_iron":73,"minecraft:torch":1,"minecraft:acacia_log":9,"farmersdelight:tomato_seeds":1,"minecraft:rotten_flesh":3,"minecraft:arrow":5,"biomesoplenty:willow_sapling":54,"biomesoplenty:mahogany_sapling":32,"minecraft:hay_block":3,"minecraft:cobblestone":333,"biomesoplenty:orange_sand":1,"minecraft:jungle_log":15,"vinery:jungle_grape_seeds_red":2,"alexsmobs:cachalot_whale_tooth":1,"minecraft:gunpowder":2,"minecraft:acacia_boat":2,"vinery:savanna_grapes_white":2,"minecraft:dirt":46,"minecraft:lantern":1,"zombie_extreme:raw_steel":7,"zombie_extreme:raw_lead":2,"zombie_extreme:dead_body":1,"minecraft:bone":12,"zombie_extreme:washing_machine":1,"minecraft:acacia_planks":32,"minecraft:bow":1,"minecraft:wheat_seeds":8,"zombie_extreme:cloth":1,"lightmanscurrency:coin_iron":24,"minecraft:acacia_sapling":3,"minecraft:book":18,"argentinas_delight:espinacaitem":9,"biomesoplenty:willow_door":7,"lightmanscurrency:coin_copper":46,"biomesoplenty:mahogany_log":163,"create:crimsite":18,"biomesoplenty:willow_log":61,"minecraft:coal":43},"minecraft:killed":{"minecraft:skeleton":6,"zombie_extreme:revived":1,"zombie_extreme:clicker":1,"minecraft:drowned":2,"zombie_extreme:infected_military":1,"minecraft:zombie":2,"zombie_extreme:fetus":1},"minecraft:used":{"create:limestone":7,"minecraft:stone_sword":25,"minecraft:chest":8,"minecraft:shield":39,"minecraft:stick":1,"minecraft:torch":20,"minecraft:dirt":22,"minecraft:iron_hoe":38,"minecraft:iron_axe":55,"minecraft:jungle_log":2,"zombie_extreme:green_apple":1,"minecraft:furnace":5,"minecraft:wheat_seeds":8,"zombie_extreme:fireaxe":3,"minecraft:acacia_boat":3,"minecraft:water_bucket":1,"biomesoplenty:willow_log":1,"zombie_extreme:decomposing_backpack":1,"biomesoplenty:willow_planks":1,"minecraft:stone_pickaxe":75,"create:crimsite":2,"minecraft:wooden_pickaxe":8,"zombie_extreme:rotten_apple":1,"zombie_extreme:chips":4,"minecraft:crafting_table":7,"minecraft:red_bed":4,"minecraft:blast_furnace":3,"zombie_extreme:washing_machine":1,"minecraft:smoker":1,"minecraft:acacia_door":3,"biomesoplenty:willow_door":1,"minecraft:bread":6,"minecraft:iron_pickaxe":432,"vinery:savanna_grape_seeds_white":2,"minecraft:stone_axe":75,"minecraft:cobblestone":3,"minecraft:bucket":3,"alexsmobs:animal_dictionary":6,"minecraft:cobweb":8}},"DataVersion":3465}