{"stats":{"minecraft:crafted":{"minecraft:stone_axe":1,"biomesoplenty:willow_planks":12,"minecraft:crafting_table":1,"minecraft:stick":8,"minecraft:stone_pickaxe":1,"minecraft:wooden_pickaxe":1},"minecraft:used":{"minecraft:stone_axe":16,"minecraft:crafting_table":1,"alexsmobs:animal_dictionary":2,"minecraft:wooden_pickaxe":8},"minecraft:dropped":{"minecraft:wooden_pickaxe":1},"minecraft:picked_up":{"minecraft:crafting_table":1,"biomesoplenty:willow_log":5,"minecraft:dirt":9,"minecraft:cobblestone":8},"minecraft:killed":{"minecraft:zombie":1,"zombie_extreme:infected_military":1},"minecraft:custom":{"minecraft:time_since_rest":4269,"minecraft:crouch_one_cm":429,"minecraft:play_time":4269,"minecraft:sprint_one_cm":2756,"minecraft:damage_taken":60,"minecraft:walk_one_cm":3194,"minecraft:sneak_time":275,"minecraft:mob_kills":2,"minecraft:drop":1,"minecraft:damage_dealt_resisted":86,"minecraft:jump":55,"minecraft:damage_dealt":647,"minecraft:time_since_death":4269,"minecraft:walk_on_water_one_cm":2569,"minecraft:total_world_time":4269,"minecraft:damage_dealt_absorbed":47,"minecraft:fly_one_cm":10585,"minecraft:interact_with_crafting_table":2,"minecraft:fall_one_cm":1465},"minecraft:mined":{"minecraft:grass_block":3,"minecraft:dirt":6,"minecraft:stone":8,"biomesoplenty:willow_log":5,"minecraft:crafting_table":1,"minecraft:fern":5}},"DataVersion":3465}