{"stats":{"minecraft:custom":{"minecraft:interact_with_furnace":10,"lootr:looted_stat":11,"minecraft:mob_kills":4,"minecraft:interact_with_crafting_table":18,"minecraft:open_barrel":5,"minecraft:damage_dealt_resisted":86,"minecraft:leave_game":2,"minecraft:time_since_death":24342,"minecraft:sleep_in_bed":3,"minecraft:climb_one_cm":4448,"minecraft:time_since_rest":24368,"minecraft:sprint_one_cm":69024,"minecraft:damage_taken":1595,"minecraft:walk_one_cm":60777,"minecraft:drop":30,"minecraft:damage_dealt":1654,"minecraft:damage_dealt_absorbed":47,"minecraft:swim_one_cm":11014,"minecraft:fly_one_cm":104846,"minecraft:open_chest":14,"minecraft:crouch_one_cm":3695,"minecraft:play_time":49476,"minecraft:deaths":3,"minecraft:sneak_time":1438,"minecraft:walk_under_water_one_cm":13370,"minecraft:jump":471,"minecraft:walk_on_water_one_cm":5739,"minecraft:total_world_time":49476,"minecraft:interact_with_smoker":5,"minecraft:fall_one_cm":15224},"minecraft:killed":{"zombie_extreme:infected_military":1,"zombie_extreme:clicker":1,"minecraft:zombie":1,"zombie_extreme:fetus":1},"minecraft:dropped":{"farmersdelight:tomato_seeds":1,"minecraft:stone_sword":1,"biomesoplenty:willow_sapling":36,"minecraft:bowl":2,"minecraft:wheat":2,"minecraft:rotten_flesh":2,"minecraft:lantern":1,"biomesoplenty:willow_log":7,"zombie_extreme:dead_body":1,"zombie_extreme:kitchen_knife":1,"vinery:savanna_grape_seeds_white":2,"zombie_extreme:golf_club":1,"minecraft:jungle_log":5,"zombie_extreme:baseball_bat":2,"minecraft:chest":2,"zombie_extreme:butcher_knife":2,"biomesoplenty:willow_planks":1,"vinery:savanna_grapes_white":2,"minecraft:wooden_pickaxe":1,"biomesoplenty:willow_door":9,"minecraft:acacia_planks":32,"vinery:savanna_grape_seeds_red":10,"argentinas_delight:espinacaitem":3},"minecraft:used":{"minecraft:acacia_boat":3,"biomesoplenty:willow_log":1,"minecraft:stone_sword":25,"zombie_extreme:decomposing_backpack":1,"biomesoplenty:willow_planks":1,"minecraft:stone_pickaxe":75,"minecraft:chest":2,"minecraft:wooden_pickaxe":8,"zombie_extreme:rotten_apple":1,"zombie_extreme:chips":4,"minecraft:torch":4,"minecraft:dirt":13,"minecraft:crafting_table":5,"minecraft:red_bed":3,"zombie_extreme:washing_machine":1,"minecraft:smoker":1,"minecraft:acacia_door":3,"biomesoplenty:willow_door":1,"minecraft:bread":2,"minecraft:jungle_log":2,"vinery:savanna_grape_seeds_white":2,"minecraft:stone_axe":75,"minecraft:cobblestone":2,"zombie_extreme:green_apple":1,"minecraft:furnace":1,"alexsmobs:animal_dictionary":6,"minecraft:cobweb":8},"minecraft:crafted":{"minecraft:cooked_porkchop":4,"minecraft:crafting_table":4,"minecraft:wooden_pickaxe":1,"minecraft:furnace":2,"minecraft:stone_axe":1,"biomesoplenty:willow_planks":104,"minecraft:acacia_boat":1,"minecraft:bread":11,"minecraft:air":0,"minecraft:stick":8,"minecraft:iron_ingot":5,"minecraft:stone_pickaxe":1,"minecraft:stone_sword":1,"minecraft:chest":2,"minecraft:acacia_door":3,"minecraft:acacia_planks":36,"minecraft:torch":4,"biomesoplenty:willow_door":3,"minecraft:wheat":27,"minecraft:smoker":1},"minecraft:mined":{"zombie_extreme:washing_machine":1,"minecraft:red_bed":4,"minecraft:crafting_table":1,"minecraft:acacia_log":1,"minecraft:melon":2,"minecraft:grass_block":3,"minecraft:chest":1,"minecraft:jungle_log":1,"minecraft:rose_bush":1,"vinery:savanna_grape_bush_red":5,"zombie_extreme:dead_body":1,"minecraft:glass":2,"minecraft:cobblestone":1,"vinery:savanna_grape_bush_white":2,"farmersdelight:wild_tomatoes":1,"biomesoplenty:willow_log":20,"minecraft:sugar_cane":2,"minecraft:hay_block":3,"argentinas_delight:espinacamadura":5,"zombie_extreme:decomposing_backpack":3,"minecraft:grass":4,"minecraft:bookshelf":6,"minecraft:vine":1,"minecraft:coal_ore":1,"minecraft:cocoa":1,"zombie_extreme:oil_shale_sand":8,"minecraft:dirt":10,"minecraft:cobweb":14,"minecraft:stone":68,"zombie_extreme:birdsnest":2,"minecraft:oak_leaves":3,"minecraft:fern":11},"minecraft:picked_up":{"vinery:savanna_grape_seeds_white":5,"minecraft:cocoa_beans":3,"minecraft:crafting_table":1,"minecraft:jungle_log":7,"alexsmobs:cachalot_whale_tooth":1,"zombie_extreme:baseball_bat":1,"vinery:savanna_grape_seeds_red":10,"minecraft:acacia_boat":2,"zombie_extreme:decomposing_backpack":3,"vinery:savanna_grapes_white":2,"minecraft:dirt":13,"minecraft:string":14,"minecraft:red_bed":4,"minecraft:lantern":1,"zombie_extreme:dead_body":1,"minecraft:bone":1,"vinery:savanna_grapes_red":1,"minecraft:acacia_planks":32,"zombie_extreme:washing_machine":1,"minecraft:jungle_sapling":1,"zombie_extreme:cloth":1,"zombie_extreme:oil_shale":7,"minecraft:sugar_cane":6,"minecraft:melon_slice":14,"minecraft:chest":2,"minecraft:acacia_sapling":3,"minecraft:book":18,"minecraft:stick":13,"minecraft:acacia_log":9,"farmersdelight:tomato_seeds":1,"argentinas_delight:espinacaitem":9,"biomesoplenty:willow_door":7,"minecraft:rotten_flesh":2,"biomesoplenty:willow_log":61,"biomesoplenty:willow_sapling":54,"minecraft:hay_block":3,"minecraft:coal":1,"minecraft:cobblestone":69}},"DataVersion":3465}