{"stats":{"minecraft:crafted":{"minecraft:wooden_shovel":1,"minecraft:cooked_porkchop":1,"minecraft:crafting_table":1,"minecraft:stick":12,"minecraft:wooden_axe":1,"minecraft:wooden_pickaxe":1,"minecraft:stone_pickaxe":1,"minecraft:furnace":1,"minecraft:bone_meal":6,"minecraft:torch":16,"biomesoplenty:willow_planks":36,"minecraft:air":0},"minecraft:used":{"minecraft:wooden_axe":40,"biomesoplenty:willow_log":1,"minecraft:bread":2,"minecraft:stone_pickaxe":22,"biomesoplenty:willow_planks":13,"minecraft:wooden_pickaxe":6,"minecraft:wooden_shovel":10,"minecraft:crafting_table":3,"minecraft:cooked_porkchop":2,"minecraft:furnace":1},"minecraft:picked_up":{"minecraft:wooden_axe":1,"minecraft:stick":3,"minecraft:crafting_table":3,"minecraft:cooked_porkchop":1,"minecraft:wooden_pickaxe":1,"minecraft:porkchop":2,"minecraft:gunpowder":1,"minecraft:dirt":11,"minecraft:raw_copper":14,"minecraft:bone":2,"minecraft:arrow":5,"biomesoplenty:willow_log":10,"biomesoplenty:willow_planks":1,"minecraft:wheat_seeds":6,"minecraft:bread":2,"minecraft:gray_wool":1,"minecraft:oak_sapling":3,"farmersdelight:cabbage_seeds":2,"minecraft:mutton":8,"minecraft:coal":9,"minecraft:white_wool":3,"minecraft:cobblestone":15,"minecraft:furnace":1},"minecraft:mined":{"biomesoplenty:spanish_moss":11,"minecraft:furnace":1,"biomesoplenty:spanish_moss_plant":1,"minecraft:crafting_table":3,"minecraft:grass":24,"minecraft:grass_block":4,"minecraft:coal_ore":5,"minecraft:dirt":7,"minecraft:copper_ore":4,"minecraft:stone":14,"biomesoplenty:cattail":1,"biomesoplenty:willow_log":11,"minecraft:fern":27},"minecraft:killed":{"minecraft:sheep":4,"minecraft:pig":1,"zombie_extreme:infected_hazmat":1,"polly_pets:ferret":1},"minecraft:dropped":{"biomesoplenty:willow_planks":1},"minecraft:custom":{"minecraft:time_since_rest":16304,"lootr:looted_stat":2,"minecraft:interact_with_furnace":3,"minecraft:sprint_one_cm":28931,"minecraft:damage_taken":426,"minecraft:walk_one_cm":42296,"minecraft:mob_kills":7,"minecraft:drop":1,"minecraft:damage_dealt":746,"minecraft:interact_with_crafting_table":9,"minecraft:fly_one_cm":83090,"minecraft:crouch_one_cm":1231,"minecraft:play_time":16734,"minecraft:deaths":1,"minecraft:sneak_time":562,"minecraft:jump":446,"minecraft:time_since_death":16275,"minecraft:climb_one_cm":44,"minecraft:total_world_time":16734,"minecraft:fall_one_cm":11690}},"DataVersion":3465}