{"stats":{"minecraft:custom":{"minecraft:interact_with_smithing_table":2,"lootr:looted_stat":19,"minecraft:mob_kills":23,"minecraft:interact_with_crafting_table":31,"minecraft:open_barrel":1,"minecraft:eat_cake_slice":3,"minecraft:leave_game":1,"minecraft:time_since_death":21917,"minecraft:climb_one_cm":9320,"minecraft:sprint_one_cm":202349,"minecraft:walk_one_cm":191341,"minecraft:drop":52,"minecraft:damage_dealt_absorbed":40,"minecraft:play_time":109896,"minecraft:deaths":8,"minecraft:sneak_time":4800,"minecraft:walk_under_water_one_cm":9310,"minecraft:jump":2067,"minecraft:interact_with_blast_furnace":2,"minecraft:walk_on_water_one_cm":11605,"minecraft:total_world_time":109896,"minecraft:interact_with_furnace":13,"minecraft:sleep_in_bed":1,"minecraft:time_since_rest":21949,"minecraft:damage_absorbed":40,"minecraft:damage_taken":5170,"minecraft:damage_dealt":3891,"minecraft:swim_one_cm":18610,"minecraft:fly_one_cm":379918,"minecraft:open_chest":20,"minecraft:crouch_one_cm":12879,"minecraft:fall_one_cm":62100},"minecraft:crafted":{"minecraft:furnace":1,"minecraft:bone_meal":18,"minecraft:stone_pickaxe":1,"minecraft:cooked_beef":1,"minecraft:red_dye":1,"minecraft:cooked_cod":6,"minecraft:wooden_shovel":1,"minecraft:cooked_porkchop":3,"minecraft:crafting_table":4,"minecraft:wooden_pickaxe":6,"biomesoplenty:willow_planks":64,"minecraft:stone_axe":1,"minecraft:bread":1,"minecraft:air":0,"minecraft:iron_chestplate":1,"minecraft:golden_leggings":1,"minecraft:stick":20,"minecraft:wooden_axe":1,"minecraft:stone_sword":1,"minecraft:white_bed":1,"minecraft:torch":16},"minecraft:broken":{"minecraft:wooden_pickaxe":2},"minecraft:killed":{"minecraft:skeleton":1,"zombie_extreme:clicker":1,"zombie_extreme:crawler":1,"minecraft:pig":3,"minecraft:zombie_villager":1,"zombie_extreme:infected_hazmat":1,"polly_pets:ferret":1,"minecraft:frog":1,"minecraft:creeper":4,"minecraft:sheep":4,"minecraft:zombie":5},"minecraft:mined":{"biomesoplenty:spanish_moss":23,"minecraft:white_bed":5,"minecraft:mossy_cobblestone":1,"biomesoplenty:desert_grass":1,"minecraft:grass_block":5,"minecraft:coal_block":3,"biomesoplenty:cattail":1,"biomesoplenty:willow_planks":5,"minecraft:large_fern":4,"minecraft:tall_seagrass":2,"minecraft:furnace":2,"minecraft:iron_ore":1,"minecraft:cobbled_deepslate":8,"zombie_extreme:ore_steel":14,"minecraft:peony":1,"minecraft:iron_bars":1,"minecraft:lantern":1,"minecraft:stone":72,"biomesoplenty:willow_leaves":12,"minecraft:crafting_table":5,"minecraft:torch":4,"zombie_extreme:barbed_fence":2,"minecraft:tall_grass":4,"minecraft:copper_ore":4,"minecraft:cobblestone":52,"vinery:savanna_grape_bush_white":1,"biomesoplenty:willow_log":18,"farmersdelight:wild_tomatoes":2,"minecraft:lily_pad":1,"minecraft:wall_torch":5,"minecraft:skeleton_skull":1,"minecraft:seagrass":1,"minecraft:black_stained_glass":4,"minecraft:purple_bed":2,"biomesoplenty:spanish_moss_plant":9,"zombie_extreme:thorium_ore":1,"minecraft:stone_brick_stairs":1,"minecraft:grass":50,"minecraft:coal_ore":9,"minecraft:gravel":7,"minecraft:cyan_carpet":1,"minecraft:dirt":15,"minecraft:cobweb":4,"minecraft:stone_bricks":4,"minecraft:deepslate":18,"minecraft:fern":37},"minecraft:dropped":{"farmersdelight:tomato_seeds":8,"minecraft:bread":11,"minecraft:wheat_seeds":1,"minecraft:mossy_cobblestone":3,"minecraft:feather":2,"minecraft:cobblestone":2,"minecraft:coal":4,"minecraft:golden_apple":1,"zombie_extreme:barbed_fence":2,"minecraft:wooden_axe":2,"minecraft:pumpkin_pie":4,"minecraft:red_dye":1,"alexsmobs:animal_dictionary":1,"minecraft:white_bed":1,"minecraft:carrot":2,"vinery:savanna_grape_seeds_white":4,"minecraft:gunpowder":1,"minecraft:wooden_shovel":1,"biomesoplenty:willow_planks":3,"minecraft:wooden_pickaxe":4},"minecraft:used":{"minecraft:beetroot":3,"minecraft:stone_sword":88,"minecraft:wooden_shovel":10,"minecraft:iron_chestplate":1,"minecraft:torch":28,"minecraft:dirt":31,"minecraft:mutton":6,"minecraft:carrot":21,"alexsmobs:maggot":2,"minecraft:wooden_axe":48,"minecraft:furnace":2,"minecraft:cooked_cod":2,"minecraft:egg":1,"minecraft:cooked_beef":1,"minecraft:cobbled_deepslate":25,"biomesoplenty:willow_log":1,"minecraft:stone_pickaxe":79,"biomesoplenty:willow_planks":20,"minecraft:wooden_pickaxe":138,"biomesoplenty:willow_sapling":1,"minecraft:golden_apple":1,"minecraft:crafting_table":8,"minecraft:white_bed":4,"minecraft:cake":1,"minecraft:apple":3,"minecraft:bread":23,"minecraft:gravel":2,"minecraft:golden_leggings":1,"minecraft:stone_axe":8,"minecraft:cobblestone":85,"minecraft:cooked_porkchop":4,"minecraft:bucket":1,"minecraft:pumpkin_pie":4},"minecraft:killed_by":{"minecraft:husk":1,"minecraft:player":1,"minecraft:skeleton":1},"minecraft:picked_up":{"minecraft:wooden_axe":1,"vinery:savanna_grape_seeds_white":4,"minecraft:crafting_table":5,"minecraft:wheat":7,"minecraft:wooden_pickaxe":3,"minecraft:stone_brick_stairs":1,"minecraft:string":8,"minecraft:raw_copper":42,"minecraft:cyan_carpet":1,"minecraft:beetroot":8,"biomesoplenty:willow_planks":10,"minecraft:cobbled_deepslate":26,"minecraft:red_dye":2,"minecraft:calcite":6,"minecraft:coal_block":6,"minecraft:chest":3,"farmersdelight:cabbage_seeds":2,"minecraft:furnace":3,"minecraft:stick":5,"minecraft:torch":13,"minecraft:porkchop":12,"farmersdelight:tomato_seeds":8,"minecraft:stone_sword":1,"minecraft:arrow":18,"minecraft:rotten_flesh":2,"biomesoplenty:willow_sapling":1,"minecraft:glistering_melon_slice":3,"minecraft:gold_ingot":1,"supplementaries:ash":1,"zombie_extreme:butcher_knife":1,"minecraft:mutton":10,"minecraft:cobblestone":119,"minecraft:skeleton_skull":1,"minecraft:white_wool":3,"minecraft:feather":1,"minecraft:leather":2,"minecraft:lily_pad":1,"minecraft:gunpowder":4,"minecraft:paper":2,"minecraft:lantern":2,"minecraft:dirt":33,"zombie_extreme:raw_steel":14,"minecraft:bone":7,"minecraft:apple":3,"minecraft:wheat_seeds":12,"minecraft:stone_pickaxe":1,"zombie_extreme:barbed_fence":2,"minecraft:iron_ingot":8,"lightmanscurrency:coin_iron":32,"minecraft:cooked_porkchop":3,"minecraft:gravel":6,"minecraft:white_bed":4,"alexsmobs:animal_dictionary":1,"minecraft:mossy_cobblestone":3,"lightmanscurrency:coin_copper":92,"biomesoplenty:willow_log":17,"minecraft:stone_axe":1,"bossominium:the_bossdexium":1,"minecraft:golden_apple":1,"minecraft:bone_meal":18,"zombie_extreme:raw_thorium":2,"minecraft:gray_wool":3,"minecraft:bread":6,"alexsmobs:maggot":2,"minecraft:oak_sapling":3,"minecraft:coal":29}},"DataVersion":3465}