{"stats":{"minecraft:killed":{"minecraft:pig":1,"zombie_extreme:infected_hazmat":1,"polly_pets:ferret":1,"minecraft:sheep":4},"minecraft:used":{"minecraft:beetroot":3,"biomesoplenty:willow_log":1,"minecraft:stone_sword":4,"minecraft:stone_pickaxe":36,"biomesoplenty:willow_planks":13,"minecraft:wooden_pickaxe":6,"minecraft:wooden_shovel":10,"minecraft:torch":8,"minecraft:dirt":26,"minecraft:mutton":6,"minecraft:crafting_table":3,"minecraft:white_bed":1,"minecraft:wooden_axe":46,"minecraft:bread":3,"minecraft:cobblestone":2,"minecraft:furnace":1,"minecraft:cooked_porkchop":2,"minecraft:egg":1,"minecraft:cooked_beef":1},"minecraft:custom":{"minecraft:interact_with_furnace":9,"lootr:looted_stat":17,"minecraft:mob_kills":7,"minecraft:interact_with_crafting_table":20,"minecraft:open_barrel":1,"minecraft:time_since_death":11685,"minecraft:sleep_in_bed":1,"minecraft:climb_one_cm":9320,"minecraft:time_since_rest":14779,"minecraft:sprint_one_cm":58535,"minecraft:damage_taken":1193,"minecraft:walk_one_cm":71509,"minecraft:drop":7,"minecraft:damage_dealt":814,"minecraft:fly_one_cm":136536,"minecraft:open_chest":5,"minecraft:crouch_one_cm":5079,"minecraft:play_time":40657,"minecraft:deaths":2,"minecraft:sneak_time":2147,"minecraft:jump":743,"minecraft:interact_with_blast_furnace":1,"minecraft:total_world_time":40657,"minecraft:fall_one_cm":21804},"minecraft:picked_up":{"minecraft:wooden_axe":1,"minecraft:crafting_table":3,"minecraft:feather":1,"minecraft:leather":2,"minecraft:wooden_pickaxe":1,"minecraft:stone_brick_stairs":1,"minecraft:gunpowder":1,"minecraft:string":4,"minecraft:dirt":26,"minecraft:lantern":2,"minecraft:raw_copper":14,"minecraft:bone":4,"biomesoplenty:willow_planks":4,"minecraft:wheat_seeds":8,"zombie_extreme:barbed_fence":2,"lightmanscurrency:coin_iron":4,"minecraft:coal_block":3,"minecraft:chest":1,"farmersdelight:cabbage_seeds":2,"minecraft:furnace":1,"minecraft:stick":3,"minecraft:cooked_porkchop":1,"minecraft:torch":4,"minecraft:porkchop":2,"minecraft:white_bed":2,"minecraft:arrow":5,"biomesoplenty:willow_log":10,"minecraft:gray_wool":1,"minecraft:bread":2,"supplementaries:ash":1,"minecraft:oak_sapling":3,"minecraft:mutton":8,"minecraft:skeleton_skull":1,"minecraft:coal":9,"minecraft:white_wool":3,"minecraft:cobblestone":15},"minecraft:killed_by":{"minecraft:skeleton":1},"minecraft:mined":{"biomesoplenty:spanish_moss":11,"minecraft:white_bed":2,"minecraft:crafting_table":3,"minecraft:torch":2,"minecraft:grass_block":4,"zombie_extreme:barbed_fence":2,"minecraft:coal_block":3,"minecraft:copper_ore":4,"biomesoplenty:willow_log":11,"biomesoplenty:cattail":1,"minecraft:wall_torch":2,"biomesoplenty:willow_planks":3,"minecraft:skeleton_skull":1,"minecraft:furnace":1,"biomesoplenty:spanish_moss_plant":1,"minecraft:stone_brick_stairs":1,"minecraft:grass":31,"minecraft:coal_ore":5,"minecraft:iron_bars":1,"minecraft:lantern":1,"minecraft:dirt":9,"minecraft:cobweb":4,"minecraft:stone_bricks":1,"minecraft:stone":14,"minecraft:fern":27},"minecraft:dropped":{"minecraft:feather":1,"minecraft:white_bed":1,"minecraft:gunpowder":1,"minecraft:wooden_axe":1,"minecraft:wooden_shovel":1,"biomesoplenty:willow_planks":1,"minecraft:wooden_pickaxe":1},"minecraft:crafted":{"minecraft:cooked_beef":1,"minecraft:wooden_shovel":1,"minecraft:cooked_porkchop":1,"minecraft:crafting_table":1,"minecraft:wooden_pickaxe":1,"minecraft:furnace":1,"minecraft:bone_meal":12,"biomesoplenty:willow_planks":36,"minecraft:bread":1,"minecraft:air":0,"minecraft:stick":12,"minecraft:stone_pickaxe":1,"minecraft:wooden_axe":1,"minecraft:stone_sword":1,"minecraft:white_bed":1,"minecraft:torch":16}},"DataVersion":3465}