{"stats":{"minecraft:crafted":{"minecraft:wooden_shovel":1,"minecraft:bone_meal":6,"biomesoplenty:willow_planks":36,"minecraft:crafting_table":1,"minecraft:stick":8,"minecraft:stone_pickaxe":1,"minecraft:wooden_pickaxe":1,"minecraft:wooden_axe":1},"minecraft:used":{"minecraft:wooden_axe":12,"minecraft:crafting_table":2,"minecraft:wooden_pickaxe":6,"minecraft:wooden_shovel":9},"minecraft:picked_up":{"minecraft:crafting_table":2,"minecraft:stick":2,"minecraft:arrow":5,"minecraft:bone":2,"biomesoplenty:willow_log":10,"biomesoplenty:willow_planks":1,"minecraft:wheat_seeds":5,"minecraft:cobblestone":7,"minecraft:dirt":8},"minecraft:mined":{"minecraft:grass":19,"minecraft:grass_block":2,"minecraft:dirt":7,"minecraft:stone":6,"biomesoplenty:willow_log":11,"minecraft:crafting_table":2,"minecraft:fern":18},"minecraft:killed":{"polly_pets:ferret":1},"minecraft:dropped":{"biomesoplenty:willow_planks":1},"minecraft:custom":{"minecraft:time_since_rest":4304,"minecraft:crouch_one_cm":271,"minecraft:play_time":4734,"minecraft:sprint_one_cm":6848,"minecraft:walk_one_cm":16149,"minecraft:damage_taken":300,"minecraft:deaths":1,"minecraft:sneak_time":35,"minecraft:mob_kills":1,"minecraft:drop":1,"minecraft:jump":44,"minecraft:damage_dealt":60,"minecraft:time_since_death":4275,"minecraft:total_world_time":4734,"minecraft:fly_one_cm":4845,"minecraft:interact_with_crafting_table":7,"minecraft:fall_one_cm":1276}},"DataVersion":3465}