{"stats":{"minecraft:picked_up":{"minecraft:wooden_axe":1,"vinery:savanna_grape_seeds_white":4,"minecraft:crafting_table":5,"minecraft:feather":1,"minecraft:leather":2,"minecraft:wooden_pickaxe":1,"minecraft:stone_brick_stairs":1,"minecraft:gunpowder":1,"minecraft:dirt":26,"minecraft:string":4,"minecraft:lantern":2,"minecraft:raw_copper":14,"minecraft:bone":6,"minecraft:cyan_carpet":1,"biomesoplenty:willow_planks":8,"minecraft:wheat_seeds":11,"minecraft:iron_ingot":8,"zombie_extreme:barbed_fence":2,"minecraft:calcite":6,"lightmanscurrency:coin_iron":13,"minecraft:coal_block":3,"minecraft:chest":1,"farmersdelight:cabbage_seeds":2,"minecraft:furnace":2,"minecraft:stick":3,"minecraft:cooked_porkchop":1,"minecraft:torch":7,"minecraft:porkchop":3,"farmersdelight:tomato_seeds":2,"minecraft:white_bed":3,"minecraft:mossy_cobblestone":3,"lightmanscurrency:coin_copper":25,"minecraft:arrow":5,"minecraft:rotten_flesh":2,"biomesoplenty:willow_log":10,"minecraft:gray_wool":1,"minecraft:bread":4,"supplementaries:ash":1,"minecraft:oak_sapling":3,"minecraft:mutton":8,"minecraft:coal":23,"minecraft:skeleton_skull":1,"minecraft:white_wool":3,"minecraft:cobblestone":19},"minecraft:custom":{"minecraft:interact_with_smithing_table":2,"minecraft:interact_with_furnace":12,"lootr:looted_stat":19,"minecraft:mob_kills":15,"minecraft:interact_with_crafting_table":29,"minecraft:open_barrel":1,"minecraft:eat_cake_slice":3,"minecraft:time_since_death":9474,"minecraft:sleep_in_bed":1,"minecraft:climb_one_cm":9320,"minecraft:time_since_rest":9500,"minecraft:damage_taken":3220,"minecraft:sprint_one_cm":128324,"minecraft:walk_one_cm":143569,"minecraft:drop":28,"minecraft:damage_dealt":2248,"minecraft:damage_dealt_absorbed":40,"minecraft:fly_one_cm":237384,"minecraft:open_chest":15,"minecraft:crouch_one_cm":9189,"minecraft:play_time":69692,"minecraft:deaths":4,"minecraft:sneak_time":3121,"minecraft:jump":1312,"minecraft:interact_with_blast_furnace":2,"minecraft:total_world_time":69692,"minecraft:fall_one_cm":37549},"minecraft:mined":{"biomesoplenty:spanish_moss":11,"minecraft:white_bed":3,"minecraft:mossy_cobblestone":1,"biomesoplenty:desert_grass":1,"minecraft:torch":2,"minecraft:crafting_table":5,"minecraft:grass_block":4,"minecraft:tall_grass":4,"zombie_extreme:barbed_fence":2,"minecraft:coal_block":3,"minecraft:copper_ore":4,"minecraft:cobblestone":3,"vinery:savanna_grape_bush_white":1,"farmersdelight:wild_tomatoes":2,"biomesoplenty:cattail":1,"biomesoplenty:willow_log":11,"minecraft:wall_torch":3,"biomesoplenty:willow_planks":3,"minecraft:skeleton_skull":1,"minecraft:black_stained_glass":4,"minecraft:purple_bed":2,"minecraft:furnace":2,"biomesoplenty:spanish_moss_plant":1,"minecraft:stone_brick_stairs":1,"minecraft:peony":1,"minecraft:grass":42,"minecraft:coal_ore":9,"minecraft:iron_bars":1,"minecraft:lantern":1,"minecraft:cyan_carpet":1,"minecraft:dirt":9,"minecraft:cobweb":4,"minecraft:stone":17,"minecraft:stone_bricks":1,"minecraft:fern":27},"minecraft:dropped":{"minecraft:bread":4,"minecraft:wheat_seeds":1,"minecraft:mossy_cobblestone":3,"minecraft:feather":1,"minecraft:white_bed":1,"minecraft:carrot":2,"minecraft:golden_apple":1,"zombie_extreme:barbed_fence":2,"vinery:savanna_grape_seeds_white":4,"minecraft:gunpowder":1,"minecraft:wooden_axe":2,"minecraft:wooden_shovel":1,"minecraft:pumpkin_pie":4,"biomesoplenty:willow_planks":1,"minecraft:wooden_pickaxe":1},"minecraft:crafted":{"minecraft:cooked_beef":1,"minecraft:wooden_shovel":1,"minecraft:cooked_porkchop":3,"minecraft:crafting_table":3,"minecraft:wooden_pickaxe":1,"minecraft:furnace":1,"minecraft:stone_axe":1,"minecraft:bone_meal":18,"biomesoplenty:willow_planks":36,"minecraft:bread":1,"minecraft:air":0,"minecraft:iron_chestplate":1,"minecraft:golden_leggings":1,"minecraft:stick":12,"minecraft:stone_pickaxe":1,"minecraft:wooden_axe":1,"minecraft:stone_sword":1,"minecraft:white_bed":1,"minecraft:torch":16},"minecraft:killed_by":{"minecraft:husk":1,"minecraft:player":1,"minecraft:skeleton":1},"minecraft:killed":{"minecraft:pig":1,"minecraft:zombie_villager":1,"zombie_extreme:infected_hazmat":1,"polly_pets:ferret":1,"minecraft:frog":1,"minecraft:sheep":4,"zombie_extreme:clicker":1,"minecraft:zombie":5},"minecraft:used":{"minecraft:beetroot":3,"biomesoplenty:willow_log":1,"minecraft:stone_sword":59,"minecraft:stone_pickaxe":48,"biomesoplenty:willow_planks":16,"minecraft:wooden_pickaxe":6,"minecraft:wooden_shovel":10,"minecraft:iron_chestplate":1,"minecraft:torch":22,"minecraft:dirt":26,"minecraft:mutton":6,"minecraft:crafting_table":7,"minecraft:carrot":21,"minecraft:white_bed":2,"minecraft:cake":1,"minecraft:wooden_axe":48,"minecraft:bread":14,"minecraft:golden_leggings":1,"minecraft:cobblestone":17,"minecraft:furnace":2,"minecraft:cooked_porkchop":2,"minecraft:pumpkin_pie":4,"minecraft:egg":1,"minecraft:cooked_beef":1}},"DataVersion":3465}