{"stats":{"minecraft:killed":{"minecraft:pig":1,"zombie_extreme:infected_hazmat":1,"polly_pets:ferret":1,"minecraft:sheep":4},"minecraft:used":{"biomesoplenty:willow_log":1,"minecraft:stone_pickaxe":25,"biomesoplenty:willow_planks":13,"minecraft:wooden_pickaxe":6,"minecraft:wooden_shovel":10,"minecraft:torch":3,"minecraft:dirt":6,"minecraft:mutton":6,"minecraft:crafting_table":3,"minecraft:white_bed":1,"minecraft:wooden_axe":40,"minecraft:bread":3,"minecraft:furnace":1,"minecraft:cooked_porkchop":2,"minecraft:cooked_beef":1},"minecraft:custom":{"minecraft:interact_with_furnace":8,"lootr:looted_stat":7,"minecraft:mob_kills":7,"minecraft:interact_with_crafting_table":13,"minecraft:time_since_death":0,"minecraft:sleep_in_bed":1,"minecraft:climb_one_cm":6767,"minecraft:time_since_rest":2779,"minecraft:sprint_one_cm":29681,"minecraft:damage_taken":1073,"minecraft:walk_one_cm":57117,"minecraft:drop":1,"minecraft:damage_dealt":814,"minecraft:fly_one_cm":83842,"minecraft:open_chest":5,"minecraft:crouch_one_cm":4825,"minecraft:play_time":28657,"minecraft:deaths":2,"minecraft:sneak_time":1707,"minecraft:jump":487,"minecraft:interact_with_blast_furnace":1,"minecraft:total_world_time":28657,"minecraft:fall_one_cm":13555},"minecraft:picked_up":{"minecraft:wooden_axe":1,"minecraft:crafting_table":3,"minecraft:leather":1,"minecraft:wooden_pickaxe":1,"minecraft:gunpowder":1,"minecraft:dirt":24,"minecraft:lantern":1,"minecraft:raw_copper":14,"minecraft:bone":3,"biomesoplenty:willow_planks":1,"minecraft:wheat_seeds":8,"minecraft:chest":1,"farmersdelight:cabbage_seeds":2,"minecraft:furnace":1,"minecraft:stick":3,"minecraft:cooked_porkchop":1,"minecraft:torch":2,"minecraft:porkchop":2,"minecraft:white_bed":1,"minecraft:arrow":5,"biomesoplenty:willow_log":10,"minecraft:gray_wool":1,"minecraft:bread":2,"minecraft:oak_sapling":3,"minecraft:mutton":8,"minecraft:coal":9,"minecraft:white_wool":3,"minecraft:cobblestone":15},"minecraft:killed_by":{"minecraft:skeleton":1},"minecraft:mined":{"biomesoplenty:spanish_moss":11,"minecraft:white_bed":2,"minecraft:crafting_table":3,"minecraft:grass_block":4,"minecraft:copper_ore":4,"biomesoplenty:willow_log":11,"biomesoplenty:cattail":1,"minecraft:wall_torch":2,"minecraft:furnace":1,"biomesoplenty:spanish_moss_plant":1,"minecraft:grass":24,"minecraft:coal_ore":5,"minecraft:dirt":7,"minecraft:stone":14,"minecraft:fern":27},"minecraft:dropped":{"biomesoplenty:willow_planks":1},"minecraft:crafted":{"minecraft:cooked_beef":1,"minecraft:wooden_shovel":1,"minecraft:cooked_porkchop":1,"minecraft:crafting_table":1,"minecraft:wooden_pickaxe":1,"minecraft:furnace":1,"minecraft:bone_meal":6,"biomesoplenty:willow_planks":36,"minecraft:bread":1,"minecraft:air":0,"minecraft:stick":12,"minecraft:stone_pickaxe":1,"minecraft:wooden_axe":1,"minecraft:white_bed":1,"minecraft:torch":16}},"DataVersion":3465}