{"stats":{"minecraft:custom":{"lootr:looted_stat":19,"minecraft:interact_with_furnace":9,"minecraft:mob_kills":8,"minecraft:interact_with_crafting_table":25,"minecraft:open_barrel":1,"minecraft:eat_cake_slice":3,"minecraft:time_since_death":9738,"minecraft:sleep_in_bed":1,"minecraft:climb_one_cm":9320,"minecraft:time_since_rest":9774,"minecraft:sprint_one_cm":81867,"minecraft:damage_taken":2244,"minecraft:walk_one_cm":110752,"minecraft:drop":18,"minecraft:damage_dealt":983,"minecraft:fly_one_cm":161982,"minecraft:open_chest":5,"minecraft:crouch_one_cm":8814,"minecraft:play_time":52042,"minecraft:deaths":3,"minecraft:sneak_time":2931,"minecraft:jump":893,"minecraft:interact_with_blast_furnace":2,"minecraft:total_world_time":52042,"minecraft:fall_one_cm":25103},"minecraft:killed":{"minecraft:pig":1,"zombie_extreme:infected_hazmat":1,"polly_pets:ferret":1,"minecraft:frog":1,"minecraft:sheep":4},"minecraft:dropped":{"minecraft:mossy_cobblestone":3,"minecraft:feather":1,"minecraft:white_bed":1,"minecraft:carrot":2,"vinery:savanna_grape_seeds_white":2,"zombie_extreme:barbed_fence":2,"minecraft:gunpowder":1,"minecraft:wooden_axe":1,"minecraft:wooden_shovel":1,"minecraft:pumpkin_pie":2,"biomesoplenty:willow_planks":1,"minecraft:wooden_pickaxe":1},"minecraft:used":{"minecraft:beetroot":3,"biomesoplenty:willow_log":1,"minecraft:stone_sword":13,"minecraft:stone_pickaxe":43,"biomesoplenty:willow_planks":16,"minecraft:wooden_pickaxe":6,"minecraft:wooden_shovel":10,"minecraft:iron_chestplate":1,"minecraft:torch":12,"minecraft:dirt":26,"minecraft:mutton":6,"minecraft:crafting_table":5,"minecraft:carrot":21,"minecraft:white_bed":2,"minecraft:cake":1,"minecraft:wooden_axe":47,"minecraft:bread":4,"minecraft:golden_leggings":1,"minecraft:cobblestone":16,"minecraft:furnace":1,"minecraft:cooked_porkchop":2,"minecraft:pumpkin_pie":1,"minecraft:egg":1,"minecraft:cooked_beef":1},"minecraft:killed_by":{"minecraft:husk":1,"minecraft:skeleton":1},"minecraft:crafted":{"minecraft:cooked_beef":1,"minecraft:wooden_shovel":1,"minecraft:cooked_porkchop":1,"minecraft:crafting_table":3,"minecraft:wooden_pickaxe":1,"minecraft:furnace":1,"minecraft:bone_meal":12,"biomesoplenty:willow_planks":36,"minecraft:bread":1,"minecraft:air":0,"minecraft:iron_chestplate":1,"minecraft:golden_leggings":1,"minecraft:stick":12,"minecraft:stone_pickaxe":1,"minecraft:wooden_axe":1,"minecraft:stone_sword":1,"minecraft:white_bed":1,"minecraft:torch":16},"minecraft:mined":{"biomesoplenty:spanish_moss":11,"minecraft:white_bed":2,"minecraft:mossy_cobblestone":1,"minecraft:crafting_table":4,"minecraft:torch":2,"minecraft:grass_block":4,"zombie_extreme:barbed_fence":2,"minecraft:coal_block":3,"minecraft:copper_ore":4,"minecraft:cobblestone":2,"vinery:savanna_grape_bush_white":1,"farmersdelight:wild_tomatoes":2,"biomesoplenty:cattail":1,"biomesoplenty:willow_log":11,"minecraft:wall_torch":2,"biomesoplenty:willow_planks":3,"minecraft:skeleton_skull":1,"minecraft:black_stained_glass":4,"minecraft:purple_bed":2,"minecraft:furnace":1,"biomesoplenty:spanish_moss_plant":1,"minecraft:peony":1,"minecraft:stone_brick_stairs":1,"minecraft:grass":36,"minecraft:coal_ore":9,"minecraft:iron_bars":1,"minecraft:lantern":1,"minecraft:cyan_carpet":1,"minecraft:dirt":9,"minecraft:cobweb":4,"minecraft:stone_bricks":1,"minecraft:stone":14,"minecraft:fern":27},"minecraft:picked_up":{"minecraft:wooden_axe":1,"vinery:savanna_grape_seeds_white":4,"minecraft:crafting_table":4,"minecraft:feather":1,"minecraft:leather":2,"minecraft:wooden_pickaxe":1,"minecraft:stone_brick_stairs":1,"minecraft:gunpowder":1,"minecraft:dirt":26,"minecraft:string":4,"minecraft:lantern":2,"minecraft:raw_copper":14,"minecraft:bone":4,"minecraft:cyan_carpet":1,"biomesoplenty:willow_planks":8,"minecraft:wheat_seeds":10,"minecraft:iron_ingot":8,"zombie_extreme:barbed_fence":2,"minecraft:calcite":6,"lightmanscurrency:coin_iron":4,"minecraft:coal_block":3,"minecraft:chest":1,"farmersdelight:cabbage_seeds":2,"minecraft:furnace":1,"minecraft:stick":3,"minecraft:cooked_porkchop":1,"minecraft:torch":5,"minecraft:porkchop":2,"farmersdelight:tomato_seeds":2,"minecraft:white_bed":2,"minecraft:mossy_cobblestone":3,"minecraft:arrow":5,"biomesoplenty:willow_log":10,"minecraft:gray_wool":1,"minecraft:bread":4,"supplementaries:ash":1,"minecraft:oak_sapling":3,"minecraft:mutton":8,"minecraft:skeleton_skull":1,"minecraft:coal":13,"minecraft:white_wool":3,"minecraft:cobblestone":15}},"DataVersion":3465}