{"stats":{"minecraft:custom":{"minecraft:interact_with_smithing_table":2,"lootr:looted_stat":19,"minecraft:mob_kills":19,"minecraft:interact_with_crafting_table":31,"minecraft:open_barrel":1,"minecraft:eat_cake_slice":3,"minecraft:leave_game":1,"minecraft:time_since_death":9917,"minecraft:climb_one_cm":9320,"minecraft:sprint_one_cm":184860,"minecraft:walk_one_cm":175191,"minecraft:drop":48,"minecraft:damage_dealt_absorbed":40,"minecraft:play_time":97896,"minecraft:deaths":8,"minecraft:sneak_time":4495,"minecraft:walk_under_water_one_cm":6252,"minecraft:jump":1886,"minecraft:interact_with_blast_furnace":2,"minecraft:walk_on_water_one_cm":9461,"minecraft:total_world_time":97896,"minecraft:interact_with_furnace":12,"minecraft:sleep_in_bed":1,"minecraft:time_since_rest":9949,"minecraft:damage_taken":4560,"minecraft:damage_dealt":3065,"minecraft:swim_one_cm":13925,"minecraft:fly_one_cm":355417,"minecraft:open_chest":15,"minecraft:crouch_one_cm":12343,"minecraft:fall_one_cm":53063},"minecraft:crafted":{"minecraft:furnace":1,"minecraft:bone_meal":18,"minecraft:stone_pickaxe":1,"minecraft:cooked_beef":1,"minecraft:red_dye":1,"minecraft:wooden_shovel":1,"minecraft:cooked_porkchop":3,"minecraft:crafting_table":4,"minecraft:wooden_pickaxe":6,"biomesoplenty:willow_planks":64,"minecraft:stone_axe":1,"minecraft:bread":1,"minecraft:air":0,"minecraft:iron_chestplate":1,"minecraft:golden_leggings":1,"minecraft:stick":20,"minecraft:wooden_axe":1,"minecraft:stone_sword":1,"minecraft:white_bed":1,"minecraft:torch":16},"minecraft:broken":{"minecraft:wooden_pickaxe":1},"minecraft:killed":{"zombie_extreme:clicker":1,"zombie_extreme:crawler":1,"minecraft:pig":3,"minecraft:zombie_villager":1,"zombie_extreme:infected_hazmat":1,"polly_pets:ferret":1,"minecraft:frog":1,"minecraft:creeper":1,"minecraft:sheep":4,"minecraft:zombie":5},"minecraft:mined":{"biomesoplenty:spanish_moss":23,"minecraft:white_bed":5,"minecraft:mossy_cobblestone":1,"biomesoplenty:desert_grass":1,"minecraft:grass_block":5,"minecraft:coal_block":3,"biomesoplenty:cattail":1,"biomesoplenty:willow_planks":3,"minecraft:large_fern":4,"minecraft:tall_seagrass":2,"minecraft:furnace":2,"minecraft:iron_ore":1,"minecraft:cobbled_deepslate":1,"zombie_extreme:ore_steel":14,"minecraft:peony":1,"minecraft:iron_bars":1,"minecraft:lantern":1,"minecraft:stone":72,"biomesoplenty:willow_leaves":12,"minecraft:crafting_table":5,"minecraft:torch":2,"zombie_extreme:barbed_fence":2,"minecraft:tall_grass":4,"minecraft:copper_ore":4,"minecraft:cobblestone":3,"vinery:savanna_grape_bush_white":1,"biomesoplenty:willow_log":18,"farmersdelight:wild_tomatoes":2,"minecraft:lily_pad":1,"minecraft:wall_torch":3,"minecraft:skeleton_skull":1,"minecraft:seagrass":1,"minecraft:black_stained_glass":4,"minecraft:purple_bed":2,"biomesoplenty:spanish_moss_plant":9,"zombie_extreme:thorium_ore":1,"minecraft:stone_brick_stairs":1,"minecraft:grass":50,"minecraft:coal_ore":9,"minecraft:gravel":2,"minecraft:cyan_carpet":1,"minecraft:dirt":14,"minecraft:cobweb":4,"minecraft:stone_bricks":4,"minecraft:deepslate":8,"minecraft:fern":37},"minecraft:dropped":{"farmersdelight:tomato_seeds":8,"minecraft:bread":11,"minecraft:wheat_seeds":1,"minecraft:mossy_cobblestone":3,"minecraft:feather":2,"minecraft:cobblestone":2,"minecraft:coal":4,"minecraft:golden_apple":1,"zombie_extreme:barbed_fence":2,"minecraft:wooden_axe":2,"minecraft:pumpkin_pie":4,"minecraft:red_dye":1,"alexsmobs:animal_dictionary":1,"minecraft:white_bed":1,"minecraft:carrot":2,"vinery:savanna_grape_seeds_white":4,"minecraft:gunpowder":1,"minecraft:wooden_shovel":1,"biomesoplenty:willow_planks":1,"minecraft:wooden_pickaxe":1},"minecraft:used":{"minecraft:beetroot":3,"minecraft:stone_sword":74,"minecraft:wooden_shovel":10,"minecraft:iron_chestplate":1,"minecraft:torch":24,"minecraft:dirt":30,"minecraft:mutton":6,"minecraft:carrot":21,"alexsmobs:maggot":2,"minecraft:wooden_axe":48,"minecraft:furnace":2,"minecraft:egg":1,"minecraft:cooked_beef":1,"minecraft:cobbled_deepslate":8,"biomesoplenty:willow_log":1,"minecraft:stone_pickaxe":76,"biomesoplenty:willow_planks":20,"minecraft:wooden_pickaxe":66,"biomesoplenty:willow_sapling":1,"minecraft:crafting_table":8,"minecraft:white_bed":4,"minecraft:cake":1,"minecraft:bread":21,"minecraft:gravel":2,"minecraft:golden_leggings":1,"minecraft:stone_axe":5,"minecraft:cobblestone":66,"minecraft:cooked_porkchop":2,"minecraft:pumpkin_pie":4},"minecraft:killed_by":{"minecraft:husk":1,"minecraft:player":1,"minecraft:skeleton":1},"minecraft:picked_up":{"minecraft:wooden_axe":1,"vinery:savanna_grape_seeds_white":4,"minecraft:crafting_table":5,"minecraft:wooden_pickaxe":1,"minecraft:stone_brick_stairs":1,"minecraft:string":4,"minecraft:raw_copper":14,"minecraft:cyan_carpet":1,"biomesoplenty:willow_planks":8,"minecraft:cobbled_deepslate":9,"minecraft:red_dye":1,"minecraft:calcite":6,"minecraft:coal_block":3,"minecraft:chest":1,"farmersdelight:cabbage_seeds":2,"minecraft:furnace":2,"minecraft:stick":5,"minecraft:torch":8,"minecraft:porkchop":7,"farmersdelight:tomato_seeds":8,"minecraft:arrow":5,"minecraft:rotten_flesh":2,"biomesoplenty:willow_sapling":1,"supplementaries:ash":1,"minecraft:mutton":8,"minecraft:cobblestone":70,"minecraft:skeleton_skull":1,"minecraft:white_wool":3,"minecraft:feather":1,"minecraft:leather":2,"minecraft:lily_pad":1,"minecraft:gunpowder":1,"minecraft:lantern":2,"minecraft:dirt":32,"zombie_extreme:raw_steel":14,"minecraft:bone":6,"minecraft:wheat_seeds":12,"zombie_extreme:barbed_fence":2,"minecraft:iron_ingot":8,"lightmanscurrency:coin_iron":19,"minecraft:cooked_porkchop":1,"minecraft:gravel":2,"minecraft:white_bed":4,"alexsmobs:animal_dictionary":1,"minecraft:mossy_cobblestone":3,"lightmanscurrency:coin_copper":36,"biomesoplenty:willow_log":17,"zombie_extreme:raw_thorium":1,"minecraft:gray_wool":1,"minecraft:bread":4,"alexsmobs:maggot":2,"minecraft:oak_sapling":3,"minecraft:coal":23}},"DataVersion":3465}