{"stats":{"minecraft:custom":{"minecraft:interact_with_smithing_table":1,"lootr:looted_stat":6,"minecraft:interact_with_furnace":15,"minecraft:interact_with_anvil":1,"minecraft:mob_kills":5,"minecraft:interact_with_crafting_table":14,"minecraft:leave_game":1,"minecraft:time_since_death":39291,"minecraft:time_since_rest":39293,"minecraft:sprint_one_cm":83763,"minecraft:damage_taken":1146,"minecraft:walk_one_cm":99758,"minecraft:damage_blocked_by_shield":45,"minecraft:drop":14,"minecraft:damage_dealt":1153,"minecraft:talked_to_villager":2,"minecraft:fly_one_cm":95964,"minecraft:open_chest":39,"minecraft:crouch_one_cm":780,"minecraft:play_time":56214,"minecraft:deaths":2,"minecraft:sneak_time":277,"minecraft:jump":583,"minecraft:total_world_time":56214,"minecraft:fall_one_cm":19713},"minecraft:crafted":{"minecraft:cooked_cod":5,"minecraft:oak_planks":8,"minecraft:crafting_table":1,"minecraft:iron_helmet":1,"minecraft:iron_sword":1,"minecraft:air":0,"minecraft:flint_and_steel":1,"minecraft:iron_chestplate":1,"minecraft:iron_boots":1,"minecraft:shield":1,"minecraft:stick":4,"minecraft:iron_ingot":28,"minecraft:iron_pickaxe":1,"minecraft:iron_leggings":1,"minecraft:beetroot_soup":1},"minecraft:killed":{"zombie_extreme:infected":1,"zombie_extreme:infected_hazmat":1,"alexsmobs:seagull":1,"minecraft:skeleton":1,"minecraft:villager":1},"minecraft:mined":{"argentinas_delight:salmoncrudo":1,"minecraft:grass_block":3,"minecraft:cobblestone":1,"biomesoplenty:willow_log":3,"zombie_extreme:decomposing_backpack":1,"minecraft:cobbled_deepslate":2,"minecraft:grass":10,"minecraft:oak_log":2,"minecraft:coal_ore":19,"zombie_extreme:oil_shale_sand":1,"minecraft:gravel":4,"minecraft:dirt":4,"minecraft:stone":14,"biomesoplenty:willow_leaves":4,"minecraft:fern":7},"minecraft:dropped":{"minecraft:gravel":3,"minecraft:wheat_seeds":3,"minecraft:bowl":1,"minecraft:feather":2,"minecraft:rotten_flesh":1,"zombie_extreme:decomposing_backpack":1,"minecraft:wooden_hoe":1,"zombie_extreme:baseball_bat":1,"minecraft:cooked_cod":2,"minecraft:fishing_rod":1},"minecraft:used":{"minecraft:flint_and_steel":4,"minecraft:shield":1,"minecraft:iron_sword":16,"minecraft:cooked_salmon":3,"minecraft:iron_chestplate":1,"minecraft:dirt":2,"minecraft:crafting_table":1,"vinery:savanna_grapes_white":1,"minecraft:bread":2,"minecraft:iron_pickaxe":39,"minecraft:iron_helmet":1,"minecraft:gravel":5,"zombie_extreme:baseball_bat":5,"minecraft:fishing_rod":8,"minecraft:cooked_cod":8,"minecraft:cobbled_deepslate":2,"minecraft:iron_leggings":1,"minecraft:beetroot_soup":1},"minecraft:picked_up":{"minecraft:feather":3,"minecraft:salmon":1,"minecraft:oak_log":2,"zombie_extreme:decomposing_backpack":1,"minecraft:wooden_hoe":1,"vinery:savanna_grapes_white":1,"minecraft:dirt":6,"minecraft:bone":1,"vinery:savanna_grapes_red":1,"minecraft:wheat_seeds":3,"minecraft:cobbled_deepslate":2,"minecraft:iron_ingot":4,"zombie_extreme:oil_shale":1,"lightmanscurrency:coin_iron":5,"minecraft:gravel":8,"lightmanscurrency:coin_copper":15,"minecraft:arrow":2,"minecraft:rotten_flesh":1,"biomesoplenty:willow_log":3,"minecraft:beetroot_seeds":3,"minecraft:coal":23,"minecraft:cobblestone":14}},"DataVersion":3465}