{"stats":{"minecraft:picked_up":{"minecraft:bone":1,"lightmanscurrency:coin_copper":6,"minecraft:feather":1,"minecraft:arrow":2,"minecraft:beetroot_seeds":3,"minecraft:wheat_seeds":1,"lightmanscurrency:coin_iron":5,"minecraft:coal":4,"minecraft:dirt":3},"minecraft:custom":{"minecraft:time_since_rest":2922,"minecraft:deaths":1,"minecraft:crouch_one_cm":373,"minecraft:play_time":15840,"minecraft:sprint_one_cm":10696,"minecraft:damage_taken":425,"minecraft:walk_one_cm":12185,"minecraft:sneak_time":137,"minecraft:drop":1,"minecraft:jump":107,"minecraft:damage_dealt":84,"minecraft:time_since_death":2892,"minecraft:total_world_time":15840,"minecraft:fly_one_cm":6757,"minecraft:fall_one_cm":3489},"minecraft:mined":{"minecraft:grass":4,"minecraft:grass_block":2,"minecraft:dirt":2,"minecraft:fern":6,"biomesoplenty:willow_leaves":4},"minecraft:dropped":{"minecraft:wheat_seeds":1},"minecraft:used":{"minecraft:dirt":1}},"DataVersion":3465}