{"stats":{"minecraft:custom":{"minecraft:interact_with_smithing_table":1,"lootr:looted_stat":6,"minecraft:interact_with_furnace":15,"minecraft:mob_kills":10,"minecraft:interact_with_anvil":1,"minecraft:interact_with_crafting_table":14,"minecraft:leave_game":2,"minecraft:time_since_death":45471,"minecraft:time_since_rest":45473,"minecraft:damage_absorbed":40,"minecraft:sprint_one_cm":106565,"minecraft:damage_taken":1270,"minecraft:walk_one_cm":111201,"minecraft:damage_blocked_by_shield":45,"minecraft:drop":18,"minecraft:damage_dealt":2095,"minecraft:talked_to_villager":2,"minecraft:fly_one_cm":137879,"minecraft:open_chest":39,"minecraft:crouch_one_cm":780,"minecraft:play_time":62394,"minecraft:deaths":2,"minecraft:sneak_time":277,"minecraft:jump":742,"minecraft:total_world_time":62394,"minecraft:fall_one_cm":25354},"minecraft:dropped":{"minecraft:gravel":3,"minecraft:wheat_seeds":4,"minecraft:bowl":1,"minecraft:feather":2,"minecraft:rotten_flesh":1,"vinery:savanna_grape_seeds_white":1,"minecraft:wooden_hoe":1,"zombie_extreme:decomposing_backpack":1,"zombie_extreme:baseball_bat":1,"minecraft:cooked_cod":2,"vinery:savanna_grapes_white":2,"minecraft:fishing_rod":1},"minecraft:killed":{"zombie_extreme:infected":1,"zombie_extreme:infected_hazmat":1,"polly_pets:ferret":1,"alexsmobs:seal":1,"alexsmobs:seagull":1,"minecraft:skeleton":1,"alexsmobs:gazelle":1,"minecraft:villager":1,"zombie_extreme:fetus":1},"minecraft:used":{"alexsmobs:emu_egg":1,"minecraft:flint_and_steel":5,"minecraft:shield":1,"minecraft:iron_sword":44,"minecraft:cooked_salmon":3,"minecraft:iron_chestplate":1,"minecraft:golden_apple":1,"minecraft:dirt":2,"minecraft:mutton":1,"minecraft:crafting_table":1,"vinery:savanna_grapes_white":5,"minecraft:bread":2,"minecraft:iron_pickaxe":39,"minecraft:iron_helmet":1,"minecraft:gravel":5,"zombie_extreme:baseball_bat":5,"minecraft:fishing_rod":8,"minecraft:cooked_cod":8,"minecraft:cobbled_deepslate":2,"minecraft:beetroot_soup":1,"minecraft:iron_leggings":1},"minecraft:crafted":{"minecraft:cooked_cod":5,"minecraft:oak_planks":8,"minecraft:crafting_table":1,"minecraft:iron_helmet":1,"minecraft:iron_sword":1,"minecraft:air":0,"minecraft:flint_and_steel":1,"minecraft:iron_boots":1,"minecraft:iron_chestplate":1,"minecraft:shield":1,"minecraft:stick":4,"minecraft:iron_ingot":28,"minecraft:iron_pickaxe":1,"minecraft:iron_leggings":1,"minecraft:beetroot_soup":1},"minecraft:picked_up":{"minecraft:feather":3,"minecraft:salmon":1,"minecraft:oak_log":2,"zombie_extreme:decomposing_backpack":1,"minecraft:wooden_hoe":1,"vinery:savanna_grapes_white":7,"alexsmobs:gazelle_horn":1,"minecraft:dirt":6,"minecraft:bone":1,"vinery:savanna_grapes_red":1,"minecraft:wheat_seeds":4,"minecraft:cobbled_deepslate":2,"minecraft:iron_ingot":4,"zombie_extreme:oil_shale":2,"lightmanscurrency:coin_iron":5,"minecraft:gravel":8,"lightmanscurrency:coin_copper":15,"minecraft:arrow":2,"minecraft:rotten_flesh":1,"biomesoplenty:willow_log":3,"minecraft:beetroot_seeds":3,"alexsmobs:emu_egg":1,"minecraft:mutton":1,"minecraft:coal":23,"minecraft:cobblestone":14},"minecraft:mined":{"argentinas_delight:salmoncrudo":1,"minecraft:grass_block":3,"minecraft:cobblestone":1,"biomesoplenty:willow_log":3,"minecraft:cobbled_deepslate":2,"zombie_extreme:decomposing_backpack":1,"minecraft:fire":1,"minecraft:grass":20,"minecraft:oak_log":2,"minecraft:coal_ore":19,"zombie_extreme:oil_shale_sand":2,"minecraft:gravel":4,"minecraft:dirt":4,"minecraft:stone":14,"minecraft:fern":7,"biomesoplenty:willow_leaves":4}},"DataVersion":3465}