{"stats":{"minecraft:custom":{"minecraft:time_since_rest":28059,"minecraft:interact_with_smithing_table":1,"minecraft:interact_with_furnace":12,"lootr:looted_stat":6,"minecraft:sprint_one_cm":51449,"minecraft:damage_taken":880,"minecraft:walk_one_cm":65027,"minecraft:mob_kills":1,"minecraft:interact_with_anvil":1,"minecraft:drop":7,"minecraft:damage_dealt":371,"minecraft:interact_with_crafting_table":13,"minecraft:talked_to_villager":2,"minecraft:fly_one_cm":51541,"minecraft:open_chest":28,"minecraft:crouch_one_cm":411,"minecraft:play_time":44980,"minecraft:deaths":2,"minecraft:sneak_time":178,"minecraft:jump":340,"minecraft:time_since_death":28057,"minecraft:total_world_time":44980,"minecraft:fall_one_cm":12230},"minecraft:crafted":{"minecraft:oak_planks":8,"minecraft:iron_boots":1,"minecraft:iron_chestplate":1,"minecraft:shield":1,"minecraft:crafting_table":1,"minecraft:stick":4,"minecraft:iron_helmet":1,"minecraft:iron_ingot":28,"minecraft:iron_pickaxe":1,"minecraft:iron_sword":1,"minecraft:iron_leggings":1,"minecraft:beetroot_soup":1,"minecraft:air":0},"minecraft:killed":{"minecraft:villager":1},"minecraft:mined":{"zombie_extreme:decomposing_backpack":1,"minecraft:coal_ore":19,"minecraft:grass":5,"minecraft:grass_block":2,"minecraft:oak_log":2,"zombie_extreme:oil_shale_sand":1,"minecraft:gravel":3,"minecraft:dirt":4,"minecraft:stone":14,"biomesoplenty:willow_log":3,"minecraft:fern":7,"biomesoplenty:willow_leaves":4},"minecraft:dropped":{"minecraft:gravel":3,"minecraft:wheat_seeds":1,"zombie_extreme:decomposing_backpack":1,"minecraft:wooden_hoe":1,"minecraft:bowl":1,"zombie_extreme:baseball_bat":1,"minecraft:rotten_flesh":1},"minecraft:used":{"minecraft:bread":2,"minecraft:iron_pickaxe":35,"minecraft:iron_helmet":1,"minecraft:fishing_rod":1,"minecraft:gravel":4,"minecraft:cooked_salmon":3,"zombie_extreme:baseball_bat":5,"minecraft:iron_chestplate":1,"minecraft:dirt":1,"minecraft:crafting_table":1,"vinery:savanna_grapes_white":1,"minecraft:iron_leggings":1,"minecraft:beetroot_soup":1},"minecraft:picked_up":{"minecraft:feather":1,"minecraft:gravel":7,"minecraft:oak_log":2,"vinery:savanna_grapes_white":1,"zombie_extreme:decomposing_backpack":1,"minecraft:wooden_hoe":1,"minecraft:dirt":5,"lightmanscurrency:coin_copper":6,"vinery:savanna_grapes_red":1,"minecraft:arrow":2,"minecraft:bone":1,"minecraft:rotten_flesh":1,"biomesoplenty:willow_log":3,"minecraft:beetroot_seeds":3,"minecraft:wheat_seeds":1,"minecraft:iron_ingot":4,"zombie_extreme:oil_shale":1,"lightmanscurrency:coin_iron":5,"minecraft:cobblestone":13,"minecraft:coal":23}},"DataVersion":3465}