{"stats":{"minecraft:custom":{"minecraft:time_since_rest":16059,"minecraft:interact_with_smithing_table":1,"minecraft:interact_with_furnace":4,"lootr:looted_stat":6,"minecraft:sprint_one_cm":45009,"minecraft:damage_taken":880,"minecraft:walk_one_cm":39158,"minecraft:mob_kills":1,"minecraft:interact_with_anvil":1,"minecraft:drop":6,"minecraft:damage_dealt":361,"minecraft:interact_with_crafting_table":3,"minecraft:talked_to_villager":2,"minecraft:fly_one_cm":51454,"minecraft:open_chest":16,"minecraft:crouch_one_cm":381,"minecraft:play_time":32980,"minecraft:deaths":2,"minecraft:sneak_time":153,"minecraft:jump":312,"minecraft:time_since_death":16057,"minecraft:total_world_time":32980,"minecraft:fall_one_cm":12230},"minecraft:crafted":{"minecraft:oak_planks":4,"minecraft:crafting_table":1,"minecraft:stick":4,"minecraft:iron_ingot":6,"minecraft:iron_pickaxe":1,"minecraft:beetroot_soup":1,"minecraft:air":0},"minecraft:killed":{"minecraft:villager":1},"minecraft:mined":{"zombie_extreme:decomposing_backpack":1,"minecraft:grass":5,"minecraft:grass_block":2,"minecraft:oak_log":2,"zombie_extreme:oil_shale_sand":1,"minecraft:dirt":2,"biomesoplenty:willow_log":3,"minecraft:fern":7,"biomesoplenty:willow_leaves":4},"minecraft:dropped":{"minecraft:wheat_seeds":1,"zombie_extreme:decomposing_backpack":1,"minecraft:wooden_hoe":1,"minecraft:bowl":1,"zombie_extreme:baseball_bat":1,"minecraft:rotten_flesh":1},"minecraft:used":{"minecraft:bread":2,"zombie_extreme:baseball_bat":5,"minecraft:dirt":1,"minecraft:crafting_table":1,"vinery:savanna_grapes_white":1,"minecraft:beetroot_soup":1},"minecraft:picked_up":{"minecraft:feather":1,"minecraft:oak_log":2,"vinery:savanna_grapes_white":1,"zombie_extreme:decomposing_backpack":1,"minecraft:wooden_hoe":1,"minecraft:dirt":3,"lightmanscurrency:coin_copper":6,"vinery:savanna_grapes_red":1,"minecraft:arrow":2,"minecraft:bone":1,"minecraft:rotten_flesh":1,"biomesoplenty:willow_log":3,"minecraft:beetroot_seeds":3,"minecraft:wheat_seeds":1,"minecraft:iron_ingot":4,"zombie_extreme:oil_shale":1,"lightmanscurrency:coin_iron":5,"minecraft:coal":4}},"DataVersion":3465}