{"stats":{"minecraft:killed":{"polly_pets:bull_terrier":1,"zombie_extreme:boomer":1,"zombie_extreme:night_hunter":1,"minecraft:skeleton":1,"alexsmobs:gazelle":1,"minecraft:cow":12},"minecraft:used":{"minecraft:stone_pickaxe":126,"biomesoplenty:willow_planks":11,"minecraft:leather_chestplate":1,"minecraft:chest":1,"minecraft:wooden_pickaxe":12,"minecraft:cookie":1,"minecraft:dirt":3,"minecraft:crafting_table":2,"minecraft:blast_furnace":3,"zombie_extreme:golf_club":8,"minecraft:white_bed":1,"minecraft:cake":1,"minecraft:book":2,"minecraft:stone_brick_slab":1,"minecraft:lantern":1,"minecraft:bread":5,"minecraft:stone_axe":33,"minecraft:cobblestone":8,"minecraft:bow":5,"minecraft:beef":2,"minecraft:smithing_table":1,"minecraft:cooked_porkchop":4,"minecraft:furnace":5,"minecraft:red_banner":1,"alexsmobs:animal_dictionary":1,"minecraft:cooked_beef":6,"minecraft:iron_leggings":1},"minecraft:picked_up":{"minecraft:crafting_table":5,"minecraft:leather":8,"minecraft:smithing_table":2,"vinery:savanna_grape_seeds_red":10,"minecraft:string":4,"minecraft:dirt":3,"minecraft:lantern":1,"minecraft:cyan_carpet":1,"biomesoplenty:willow_planks":2,"minecraft:beef":23,"minecraft:stone_pickaxe":1,"minecraft:furnace":4,"minecraft:book":2,"minecraft:raw_iron":16,"minecraft:stone_brick_slab":4,"minecraft:red_banner":1,"minecraft:blast_furnace":4,"minecraft:white_bed":2,"alexsmobs:animal_dictionary":1,"lightmanscurrency:coin_copper":8,"minecraft:arrow":1,"biomesoplenty:willow_log":8,"bossominium:the_bossdexium":1,"lightmanscurrency:coin_gold":11,"minecraft:hay_block":15,"minecraft:bone_meal":1,"minecraft:damaged_anvil":1,"argentinas_delight:cuernodetoro":5,"zombie_extreme:butcher_knife":1,"minecraft:mutton":1,"minecraft:coal":22,"minecraft:cobblestone":87},"minecraft:custom":{"minecraft:interact_with_smithing_table":1,"lootr:looted_stat":22,"minecraft:interact_with_furnace":12,"minecraft:mob_kills":17,"minecraft:interact_with_crafting_table":13,"minecraft:open_barrel":3,"minecraft:eat_cake_slice":7,"minecraft:leave_game":2,"minecraft:time_since_death":48771,"minecraft:sleep_in_bed":3,"minecraft:climb_one_cm":9804,"minecraft:time_since_rest":21689,"minecraft:sprint_one_cm":65824,"minecraft:damage_taken":789,"minecraft:walk_one_cm":109638,"minecraft:drop":10,"minecraft:damage_dealt":2321,"minecraft:damage_dealt_absorbed":14,"minecraft:fly_one_cm":142516,"minecraft:open_chest":4,"minecraft:crouch_one_cm":16807,"minecraft:play_time":48771,"minecraft:sneak_time":6014,"minecraft:jump":743,"minecraft:walk_on_water_one_cm":1045,"minecraft:total_world_time":48771,"minecraft:fall_one_cm":23283},"minecraft:mined":{"minecraft:smithing_table":2,"supplementaries:book_pile_horizontal":2,"minecraft:glass_pane":2,"biomesoplenty:wildflower":1,"minecraft:stone_brick_slab":4,"minecraft:crafting_table":5,"minecraft:blast_furnace":4,"minecraft:grass_block":3,"minecraft:cobblestone":3,"biomesoplenty:willow_log":8,"minecraft:damaged_anvil":1,"biomesoplenty:willow_planks":2,"minecraft:hay_block":15,"minecraft:black_stained_glass":2,"minecraft:furnace":4,"minecraft:iron_ore":12,"minecraft:red_wall_banner":1,"minecraft:grass":10,"minecraft:coal_ore":22,"minecraft:cobweb":4,"minecraft:stone":84},"minecraft:dropped":{"alexsmobs:animal_dictionary":1,"minecraft:white_bed":1,"bossominium:the_bossdexium":1,"argentinas_delight:cuernodetoro":1,"minecraft:mutton":1,"zombie_extreme:pipe":1,"minecraft:bone_meal":1,"minecraft:arrow":1,"minecraft:stone_pickaxe":1,"minecraft:wooden_pickaxe":1},"minecraft:crafted":{"minecraft:cooked_beef":6,"minecraft:oak_planks":16,"sophisticatedbackpacks:backpack":1,"minecraft:crafting_table":1,"minecraft:wooden_pickaxe":1,"minecraft:furnace":2,"minecraft:stone_axe":1,"biomesoplenty:willow_planks":32,"minecraft:air":0,"minecraft:stick":12,"minecraft:iron_ingot":8,"minecraft:iron_pickaxe":1,"minecraft:stone_pickaxe":1,"minecraft:chest":2}},"DataVersion":3465}