{"stats":{"minecraft:picked_up":{"minecraft:oak_log":6},"minecraft:custom":{"minecraft:jump":25,"minecraft:time_since_rest":5133,"minecraft:crouch_one_cm":363,"minecraft:sprint_one_cm":3774,"minecraft:play_time":5133,"minecraft:time_since_death":5133,"minecraft:walk_one_cm":3151,"minecraft:sneak_time":94,"minecraft:total_world_time":5133,"minecraft:fall_one_cm":418,"minecraft:fly_one_cm":5753},"minecraft:mined":{"minecraft:grass":2,"minecraft:oak_log":6,"biomesoplenty:maple_leaves":4,"minecraft:fern":1}},"DataVersion":3120}