{"stats":{"minecraft:killed":{"zombie_extreme:boomer":1,"zombie_extreme:night_hunter":1,"minecraft:skeleton":1,"minecraft:cow":9},"minecraft:used":{"minecraft:stone_pickaxe":121,"biomesoplenty:willow_planks":11,"minecraft:chest":1,"minecraft:wooden_pickaxe":12,"minecraft:dirt":3,"minecraft:crafting_table":2,"minecraft:blast_furnace":3,"minecraft:white_bed":1,"minecraft:cake":1,"minecraft:book":2,"minecraft:stone_brick_slab":1,"minecraft:lantern":1,"minecraft:bread":3,"minecraft:stone_axe":29,"minecraft:cobblestone":3,"minecraft:bow":5,"minecraft:beef":2,"minecraft:cooked_porkchop":4,"minecraft:furnace":5,"minecraft:red_banner":1,"alexsmobs:animal_dictionary":1,"minecraft:cooked_beef":6},"minecraft:custom":{"lootr:looted_stat":19,"minecraft:interact_with_furnace":12,"minecraft:mob_kills":12,"minecraft:interact_with_crafting_table":8,"minecraft:open_barrel":3,"minecraft:eat_cake_slice":7,"minecraft:leave_game":2,"minecraft:time_since_death":36771,"minecraft:sleep_in_bed":3,"minecraft:climb_one_cm":6863,"minecraft:time_since_rest":9689,"minecraft:sprint_one_cm":40283,"minecraft:damage_taken":789,"minecraft:walk_one_cm":77096,"minecraft:drop":7,"minecraft:damage_dealt":1841,"minecraft:damage_dealt_absorbed":14,"minecraft:fly_one_cm":96110,"minecraft:open_chest":4,"minecraft:crouch_one_cm":13627,"minecraft:play_time":36771,"minecraft:sneak_time":5263,"minecraft:jump":533,"minecraft:total_world_time":36771,"minecraft:fall_one_cm":16359},"minecraft:picked_up":{"minecraft:crafting_table":4,"minecraft:leather":8,"vinery:savanna_grape_seeds_red":10,"minecraft:dirt":3,"minecraft:lantern":1,"biomesoplenty:willow_planks":2,"minecraft:beef":17,"minecraft:stone_pickaxe":1,"minecraft:furnace":3,"minecraft:book":2,"minecraft:raw_iron":16,"minecraft:stone_brick_slab":4,"minecraft:red_banner":1,"minecraft:blast_furnace":3,"minecraft:white_bed":2,"alexsmobs:animal_dictionary":1,"lightmanscurrency:coin_copper":6,"biomesoplenty:willow_log":8,"bossominium:the_bossdexium":1,"lightmanscurrency:coin_gold":11,"minecraft:hay_block":9,"minecraft:bone_meal":1,"argentinas_delight:cuernodetoro":2,"zombie_extreme:butcher_knife":1,"minecraft:coal":22,"minecraft:cobblestone":87},"minecraft:mined":{"supplementaries:book_pile_horizontal":2,"biomesoplenty:wildflower":1,"minecraft:stone_brick_slab":4,"minecraft:crafting_table":4,"minecraft:blast_furnace":3,"minecraft:grass_block":3,"minecraft:cobblestone":3,"biomesoplenty:willow_log":8,"biomesoplenty:willow_planks":2,"minecraft:hay_block":9,"minecraft:furnace":3,"minecraft:iron_ore":12,"minecraft:red_wall_banner":1,"minecraft:grass":4,"minecraft:coal_ore":22,"minecraft:stone":84},"minecraft:dropped":{"alexsmobs:animal_dictionary":1,"minecraft:white_bed":1,"bossominium:the_bossdexium":1,"argentinas_delight:cuernodetoro":1,"zombie_extreme:pipe":1,"minecraft:stone_pickaxe":1,"minecraft:wooden_pickaxe":1},"minecraft:crafted":{"minecraft:cooked_beef":6,"minecraft:oak_planks":8,"minecraft:crafting_table":1,"minecraft:wooden_pickaxe":1,"minecraft:furnace":2,"minecraft:stone_axe":1,"biomesoplenty:willow_planks":32,"minecraft:air":0,"minecraft:stick":12,"minecraft:iron_ingot":8,"minecraft:iron_pickaxe":1,"minecraft:stone_pickaxe":1,"minecraft:chest":1}},"DataVersion":3465}