{"stats":{"minecraft:used":{"minecraft:stone_pickaxe":117,"biomesoplenty:willow_planks":11,"minecraft:wooden_pickaxe":12,"minecraft:stone_axe":24,"minecraft:dirt":3,"minecraft:cobblestone":3,"minecraft:beef":2,"minecraft:crafting_table":2,"minecraft:furnace":2,"minecraft:red_banner":1,"alexsmobs:animal_dictionary":1,"minecraft:cooked_beef":2,"minecraft:book":2},"minecraft:crafted":{"minecraft:cooked_beef":6,"minecraft:crafting_table":1,"minecraft:stick":12,"minecraft:iron_pickaxe":1,"minecraft:iron_ingot":8,"minecraft:wooden_pickaxe":1,"minecraft:stone_pickaxe":1,"minecraft:furnace":2,"biomesoplenty:willow_planks":32,"minecraft:stone_axe":1,"minecraft:air":0},"minecraft:picked_up":{"minecraft:crafting_table":3,"minecraft:raw_iron":16,"minecraft:leather":6,"minecraft:red_banner":1,"minecraft:blast_furnace":3,"vinery:savanna_grape_seeds_red":10,"alexsmobs:animal_dictionary":1,"minecraft:dirt":3,"minecraft:lantern":1,"biomesoplenty:willow_log":8,"biomesoplenty:willow_planks":2,"bossominium:the_bossdexium":1,"lightmanscurrency:coin_gold":11,"minecraft:hay_block":9,"minecraft:beef":12,"argentinas_delight:cuernodetoro":2,"zombie_extreme:butcher_knife":1,"minecraft:coal":22,"minecraft:book":2,"minecraft:cobblestone":87,"minecraft:furnace":3},"minecraft:mined":{"minecraft:hay_block":9,"supplementaries:book_pile_horizontal":2,"minecraft:furnace":3,"minecraft:iron_ore":12,"biomesoplenty:wildflower":1,"minecraft:red_wall_banner":1,"minecraft:crafting_table":3,"minecraft:grass":4,"minecraft:blast_furnace":3,"minecraft:grass_block":3,"minecraft:coal_ore":22,"minecraft:cobblestone":3,"minecraft:stone":84,"biomesoplenty:willow_log":8,"biomesoplenty:willow_planks":2},"minecraft:killed":{"zombie_extreme:night_hunter":1,"minecraft:cow":7},"minecraft:dropped":{"argentinas_delight:cuernodetoro":1,"alexsmobs:animal_dictionary":1,"minecraft:wooden_pickaxe":1,"bossominium:the_bossdexium":1},"minecraft:custom":{"minecraft:time_since_rest":25747,"lootr:looted_stat":17,"minecraft:interact_with_furnace":10,"minecraft:sprint_one_cm":27312,"minecraft:damage_taken":290,"minecraft:walk_one_cm":50122,"minecraft:mob_kills":8,"minecraft:drop":4,"minecraft:damage_dealt":1492,"minecraft:damage_dealt_absorbed":14,"minecraft:interact_with_crafting_table":5,"minecraft:fly_one_cm":60169,"minecraft:open_barrel":1,"minecraft:crouch_one_cm":10816,"minecraft:play_time":25747,"minecraft:sneak_time":4600,"minecraft:jump":379,"minecraft:leave_game":2,"minecraft:time_since_death":25747,"minecraft:climb_one_cm":5229,"minecraft:total_world_time":25747,"minecraft:fall_one_cm":8919}},"DataVersion":3465}