{"stats":{"minecraft:custom":{"minecraft:interact_with_smithing_table":1,"minecraft:interact_with_furnace":12,"lootr:looted_stat":22,"minecraft:mob_kills":20,"minecraft:interact_with_crafting_table":13,"minecraft:open_barrel":3,"minecraft:eat_cake_slice":7,"minecraft:leave_game":2,"minecraft:time_since_death":60179,"minecraft:sleep_in_bed":3,"minecraft:climb_one_cm":9804,"minecraft:time_since_rest":33097,"minecraft:sprint_one_cm":83694,"minecraft:damage_taken":1156,"minecraft:walk_one_cm":151463,"minecraft:drop":22,"minecraft:damage_dealt":3180,"minecraft:damage_dealt_absorbed":14,"minecraft:fly_one_cm":167832,"minecraft:open_chest":4,"minecraft:crouch_one_cm":23344,"minecraft:play_time":60179,"minecraft:sneak_time":7831,"minecraft:jump":897,"minecraft:walk_on_water_one_cm":1045,"minecraft:total_world_time":60179,"minecraft:fall_one_cm":28242},"minecraft:killed":{"zombie_extreme:boomer":1,"polly_pets:bull_terrier":1,"zombie_extreme:night_hunter":1,"zombie_extreme:divided":1,"minecraft:skeleton":1,"zombie_extreme:devestated":1,"minecraft:zombie":1,"alexsmobs:gazelle":1,"minecraft:cow":12},"minecraft:dropped":{"minecraft:bread":2,"alexsmobs:animal_dictionary":1,"minecraft:cooked_porkchop":1,"minecraft:spruce_stairs":1,"minecraft:white_bed":1,"bossominium:the_bossdexium":1,"minecraft:mushroom_stew":1,"argentinas_delight:cuernodetoro":1,"vinery:savanna_grape_seeds_white":4,"minecraft:peony":1,"minecraft:mutton":1,"minecraft:stone_pressure_plate":1,"zombie_extreme:pipe":1,"minecraft:bone_meal":1,"minecraft:arrow":1,"minecraft:stone_pickaxe":1,"minecraft:wooden_pickaxe":1,"minecraft:cyan_carpet":1},"minecraft:used":{"zombie_extreme:barbed_fence":1,"minecraft:stone_pickaxe":130,"biomesoplenty:willow_planks":11,"minecraft:chest":1,"minecraft:wooden_pickaxe":12,"minecraft:leather_chestplate":1,"minecraft:cookie":1,"minecraft:dirt":3,"minecraft:crafting_table":2,"minecraft:spruce_stairs":1,"minecraft:white_bed":1,"minecraft:blast_furnace":3,"zombie_extreme:golf_club":24,"minecraft:cake":1,"minecraft:book":2,"minecraft:stone_brick_slab":1,"minecraft:lantern":1,"minecraft:bread":16,"minecraft:iron_pickaxe":11,"minecraft:stone_axe":38,"minecraft:cobblestone":26,"minecraft:beef":2,"minecraft:bow":5,"minecraft:smithing_table":1,"minecraft:furnace":5,"minecraft:cooked_porkchop":4,"minecraft:red_banner":1,"minecraft:pumpkin_pie":1,"alexsmobs:animal_dictionary":1,"minecraft:cooked_beef":6,"minecraft:iron_leggings":1,"minecraft:calcite":7},"minecraft:broken":{"minecraft:stone_pickaxe":1},"minecraft:crafted":{"minecraft:cooked_beef":6,"minecraft:oak_planks":16,"sophisticatedbackpacks:backpack":1,"minecraft:crafting_table":1,"minecraft:wooden_pickaxe":1,"minecraft:furnace":2,"minecraft:stone_axe":1,"biomesoplenty:willow_planks":32,"minecraft:air":0,"minecraft:stick":12,"minecraft:iron_ingot":8,"minecraft:iron_pickaxe":1,"minecraft:stone_pickaxe":1,"minecraft:chest":2,"minecraft:wheat":54},"minecraft:mined":{"minecraft:smithing_table":2,"supplementaries:book_pile_horizontal":2,"minecraft:mangrove_stairs":1,"minecraft:glass_pane":2,"biomesoplenty:wildflower":1,"minecraft:stone_brick_slab":4,"minecraft:crafting_table":5,"minecraft:blast_furnace":6,"minecraft:grass_block":3,"minecraft:calcite":13,"minecraft:cobblestone":3,"biomesoplenty:willow_log":8,"minecraft:damaged_anvil":1,"biomesoplenty:willow_planks":2,"minecraft:spruce_stairs":1,"minecraft:hay_block":15,"minecraft:black_stained_glass":2,"minecraft:furnace":4,"minecraft:iron_ore":12,"minecraft:red_wall_banner":1,"minecraft:grass":16,"minecraft:coal_ore":22,"minecraft:cyan_carpet":1,"minecraft:cobweb":4,"minecraft:stripped_mangrove_wood":3,"minecraft:stone":84},"minecraft:picked_up":{"minecraft:crafting_table":5,"minecraft:leather":8,"minecraft:smithing_table":2,"minecraft:mushroom_stew":1,"vinery:savanna_grape_seeds_red":10,"minecraft:dirt":3,"minecraft:string":4,"minecraft:lantern":1,"minecraft:cyan_carpet":1,"biomesoplenty:willow_planks":2,"minecraft:stone_pickaxe":1,"minecraft:beef":23,"zombie_extreme:barbed_fence":1,"minecraft:calcite":7,"lightmanscurrency:coin_iron":4,"minecraft:furnace":4,"minecraft:book":2,"minecraft:raw_iron":16,"minecraft:stripped_mangrove_wood":2,"minecraft:cooked_porkchop":1,"minecraft:stone_brick_slab":4,"minecraft:spruce_stairs":2,"minecraft:red_banner":1,"minecraft:blast_furnace":6,"minecraft:white_bed":2,"minecraft:carrot":2,"minecraft:stone_pressure_plate":1,"alexsmobs:animal_dictionary":1,"lightmanscurrency:coin_copper":16,"minecraft:pumpkin_pie":2,"minecraft:arrow":1,"minecraft:mangrove_stairs":1,"minecraft:peony":1,"biomesoplenty:willow_log":8,"bossominium:the_bossdexium":1,"minecraft:hay_block":15,"lightmanscurrency:coin_gold":11,"minecraft:bone_meal":1,"minecraft:spruce_sign":1,"argentinas_delight:cuernodetoro":5,"minecraft:damaged_anvil":1,"zombie_extreme:butcher_knife":1,"minecraft:mutton":1,"minecraft:coal":22,"vinery:savanna_grape_seeds_white":4,"minecraft:cobblestone":89}},"DataVersion":3465}