{"stats":{"minecraft:crafted":{"minecraft:crafting_table":1,"minecraft:stick":12,"minecraft:wooden_pickaxe":1,"minecraft:stone_pickaxe":1,"biomesoplenty:willow_planks":32,"minecraft:stone_axe":1},"minecraft:used":{"minecraft:stone_pickaxe":108,"biomesoplenty:willow_planks":8,"minecraft:wooden_pickaxe":12,"minecraft:stone_axe":16,"minecraft:dirt":3,"minecraft:cobblestone":3,"minecraft:beef":2,"minecraft:crafting_table":1,"alexsmobs:animal_dictionary":1},"minecraft:picked_up":{"minecraft:crafting_table":1,"minecraft:raw_iron":12,"minecraft:leather":3,"minecraft:dirt":3,"biomesoplenty:willow_log":8,"biomesoplenty:willow_planks":2,"minecraft:beef":8,"argentinas_delight:cuernodetoro":1,"minecraft:coal":22,"minecraft:cobblestone":84},"minecraft:mined":{"minecraft:iron_ore":12,"minecraft:crafting_table":1,"minecraft:grass":2,"minecraft:grass_block":3,"minecraft:coal_ore":22,"minecraft:stone":84,"biomesoplenty:willow_log":8,"biomesoplenty:willow_planks":2},"minecraft:killed":{"minecraft:cow":4},"minecraft:dropped":{"minecraft:wooden_pickaxe":1},"minecraft:custom":{"minecraft:time_since_rest":13747,"minecraft:sprint_one_cm":8702,"minecraft:damage_taken":270,"minecraft:walk_one_cm":19771,"minecraft:mob_kills":4,"minecraft:drop":1,"minecraft:damage_dealt":1085,"minecraft:damage_dealt_absorbed":14,"minecraft:interact_with_crafting_table":2,"minecraft:fly_one_cm":23646,"minecraft:crouch_one_cm":8701,"minecraft:play_time":13747,"minecraft:sneak_time":3959,"minecraft:jump":157,"minecraft:leave_game":2,"minecraft:time_since_death":13747,"minecraft:total_world_time":13747,"minecraft:fall_one_cm":3261}},"DataVersion":3465}