{"stats":{"minecraft:crafted":{"minecraft:stone_axe":1,"biomesoplenty:willow_planks":32,"minecraft:crafting_table":1,"minecraft:stick":12,"minecraft:stone_pickaxe":1,"minecraft:wooden_pickaxe":1},"minecraft:used":{"minecraft:stone_axe":3,"minecraft:dirt":2,"minecraft:crafting_table":1,"minecraft:stone_pickaxe":16,"biomesoplenty:willow_planks":7,"alexsmobs:animal_dictionary":1,"minecraft:wooden_pickaxe":12},"minecraft:picked_up":{"minecraft:crafting_table":1,"biomesoplenty:willow_log":8,"biomesoplenty:willow_planks":2,"minecraft:coal":16,"minecraft:dirt":2,"minecraft:cobblestone":11},"minecraft:custom":{"minecraft:time_since_rest":8185,"minecraft:crouch_one_cm":3787,"minecraft:sprint_one_cm":8171,"minecraft:play_time":8185,"minecraft:damage_taken":270,"minecraft:walk_one_cm":8120,"minecraft:sneak_time":1395,"minecraft:jump":97,"minecraft:damage_dealt":0,"minecraft:time_since_death":8185,"minecraft:leave_game":2,"minecraft:total_world_time":8185,"minecraft:damage_dealt_absorbed":14,"minecraft:interact_with_crafting_table":2,"minecraft:fall_one_cm":2425,"minecraft:fly_one_cm":21780},"minecraft:mined":{"minecraft:grass":2,"minecraft:grass_block":2,"minecraft:coal_ore":16,"minecraft:stone":11,"biomesoplenty:willow_log":8,"biomesoplenty:willow_planks":2,"minecraft:crafting_table":1}},"DataVersion":3465}