{"stats":{"minecraft:killed":{"minecraft:skeleton":2,"minecraft:zombie":7,"minecraft:creeper":2},"minecraft:used":{"minecraft:stone_sword":45,"minecraft:stone_pickaxe":11,"minecraft:wooden_pickaxe":57,"minecraft:torch":2,"minecraft:dirt":4,"minecraft:cobblestone":9,"minecraft:crafting_table":1},"minecraft:picked_up":{"minecraft:dirt":5,"lightmanscurrency:coin_copper":4,"minecraft:rotten_flesh":4,"biomesoplenty:willow_log":5,"minecraft:wheat_seeds":3,"lightmanscurrency:coin_iron":5,"minecraft:coal":23,"minecraft:cobblestone":37},"minecraft:custom":{"minecraft:time_since_rest":13458,"minecraft:sprint_one_cm":7656,"minecraft:damage_taken":1274,"minecraft:walk_one_cm":30665,"minecraft:mob_kills":11,"minecraft:drop":2,"minecraft:damage_dealt":1866,"minecraft:interact_with_crafting_table":4,"minecraft:fly_one_cm":6194,"minecraft:crouch_one_cm":4297,"minecraft:play_time":27656,"minecraft:deaths":4,"minecraft:sneak_time":4011,"minecraft:walk_under_water_one_cm":2068,"minecraft:jump":81,"minecraft:leave_game":2,"minecraft:walk_on_water_one_cm":38,"minecraft:time_since_death":13427,"minecraft:total_world_time":27656,"minecraft:fall_one_cm":2353},"minecraft:killed_by":{"minecraft:zombie":1},"minecraft:mined":{"minecraft:large_fern":1,"biomesoplenty:spanish_moss":1,"biomesoplenty:spanish_moss_plant":2,"minecraft:grass":4,"minecraft:grass_block":3,"minecraft:coal_ore":23,"minecraft:dirt":2,"minecraft:stone":38,"biomesoplenty:willow_log":4,"minecraft:fern":12},"minecraft:broken":{"minecraft:wooden_pickaxe":1},"minecraft:dropped":{"minecraft:wheat_seeds":2},"minecraft:crafted":{"minecraft:crafting_table":1,"minecraft:stick":12,"minecraft:wooden_pickaxe":1,"minecraft:stone_pickaxe":1,"minecraft:stone_sword":1,"minecraft:torch":4,"biomesoplenty:willow_planks":20,"minecraft:stone_axe":1}},"DataVersion":3465}