{"stats":{"minecraft:custom":{"minecraft:time_since_rest":12679,"minecraft:interact_with_furnace":5,"lootr:looted_stat":12,"minecraft:sprint_one_cm":62777,"minecraft:damage_taken":1704,"minecraft:walk_one_cm":90919,"minecraft:mob_kills":18,"minecraft:drop":4,"minecraft:damage_dealt":2467,"minecraft:interact_with_crafting_table":7,"minecraft:fly_one_cm":112988,"minecraft:open_barrel":1,"minecraft:crouch_one_cm":5711,"minecraft:play_time":45685,"minecraft:deaths":5,"minecraft:sneak_time":4517,"minecraft:walk_under_water_one_cm":2068,"minecraft:jump":515,"minecraft:leave_game":2,"minecraft:time_since_death":12659,"minecraft:walk_on_water_one_cm":227,"minecraft:total_world_time":45685,"minecraft:fall_one_cm":12400},"minecraft:killed":{"minecraft:sheep":3,"minecraft:skeleton":2,"minecraft:zombie":7,"minecraft:pig":1,"minecraft:chicken":1,"zombie_extreme:assasin_black_ops":1,"alexsmobs:fly":1,"minecraft:creeper":2},"minecraft:dropped":{"minecraft:wheat_seeds":4},"minecraft:broken":{"minecraft:wooden_pickaxe":1},"minecraft:used":{"minecraft:cooked_mutton":1,"minecraft:stone_sword":73,"minecraft:stone_pickaxe":11,"minecraft:cyan_carpet":2,"minecraft:wooden_pickaxe":57,"minecraft:stripped_mangrove_wood":1,"minecraft:torch":4,"minecraft:dirt":5,"minecraft:cobblestone":10,"minecraft:crafting_table":1,"minecraft:mushroom_stew":1,"minecraft:cooked_porkchop":1},"minecraft:killed_by":{"minecraft:zombie":1},"minecraft:crafted":{"minecraft:crafting_table":1,"minecraft:stick":12,"minecraft:wooden_pickaxe":1,"minecraft:stone_pickaxe":1,"minecraft:stone_sword":1,"minecraft:furnace":1,"minecraft:torch":4,"biomesoplenty:willow_planks":20,"minecraft:stone_axe":1,"minecraft:air":0,"minecraft:cooked_mutton":4},"minecraft:mined":{"minecraft:large_fern":3,"biomesoplenty:spanish_moss":1,"biomesoplenty:spanish_moss_plant":2,"biomesoplenty:desert_grass":1,"minecraft:torch":1,"minecraft:grass":23,"bakery:wild_strawberries":1,"minecraft:grass_block":3,"minecraft:coal_ore":23,"minecraft:dirt":2,"minecraft:tall_grass":4,"vinery:savanna_grape_bush_white":1,"minecraft:stone":38,"biomesoplenty:willow_log":4,"minecraft:wall_torch":1,"minecraft:fern":35},"minecraft:picked_up":{"vinery:savanna_grape_seeds_white":3,"minecraft:stripped_mangrove_wood":1,"minecraft:feather":1,"minecraft:chicken":1,"minecraft:cooked_porkchop":1,"minecraft:torch":1,"minecraft:porkchop":3,"minecraft:mushroom_stew":1,"minecraft:stone_pressure_plate":1,"minecraft:dirt":5,"minecraft:cyan_carpet":2,"lightmanscurrency:coin_copper":10,"minecraft:rotten_flesh":4,"biomesoplenty:willow_log":5,"minecraft:wheat_seeds":5,"alexsmobs:maggot":2,"lightmanscurrency:coin_iron":5,"minecraft:mutton":4,"minecraft:coal":23,"minecraft:white_wool":3,"minecraft:cobblestone":37,"minecraft:egg":1}},"DataVersion":3465}