{"stats":{"minecraft:killed":{"minecraft:sheep":3,"minecraft:skeleton":2,"minecraft:zombie":7,"minecraft:chicken":1,"minecraft:creeper":2},"minecraft:used":{"minecraft:stone_sword":54,"minecraft:stone_pickaxe":11,"minecraft:wooden_pickaxe":57,"minecraft:torch":2,"minecraft:dirt":4,"minecraft:cobblestone":9,"minecraft:crafting_table":1},"minecraft:picked_up":{"minecraft:feather":1,"minecraft:chicken":1,"minecraft:dirt":5,"lightmanscurrency:coin_copper":4,"minecraft:rotten_flesh":4,"biomesoplenty:willow_log":5,"minecraft:wheat_seeds":5,"lightmanscurrency:coin_iron":5,"minecraft:mutton":4,"minecraft:coal":23,"minecraft:white_wool":3,"minecraft:cobblestone":37,"minecraft:egg":1},"minecraft:custom":{"minecraft:time_since_rest":1282,"minecraft:sprint_one_cm":31980,"minecraft:damage_taken":1514,"minecraft:walk_one_cm":47952,"minecraft:mob_kills":15,"minecraft:drop":4,"minecraft:damage_dealt":2146,"minecraft:interact_with_crafting_table":4,"minecraft:fly_one_cm":64140,"minecraft:crouch_one_cm":5298,"minecraft:play_time":34288,"minecraft:deaths":5,"minecraft:sneak_time":4397,"minecraft:walk_under_water_one_cm":2068,"minecraft:jump":263,"minecraft:leave_game":2,"minecraft:walk_on_water_one_cm":38,"minecraft:time_since_death":1262,"minecraft:total_world_time":34288,"minecraft:fall_one_cm":6533},"minecraft:killed_by":{"minecraft:zombie":1},"minecraft:mined":{"minecraft:large_fern":3,"biomesoplenty:spanish_moss":1,"biomesoplenty:spanish_moss_plant":2,"biomesoplenty:desert_grass":1,"minecraft:grass":15,"minecraft:grass_block":3,"minecraft:coal_ore":23,"minecraft:dirt":2,"minecraft:tall_grass":3,"minecraft:stone":38,"biomesoplenty:willow_log":4,"minecraft:fern":33},"minecraft:broken":{"minecraft:wooden_pickaxe":1},"minecraft:dropped":{"minecraft:wheat_seeds":4},"minecraft:crafted":{"minecraft:crafting_table":1,"minecraft:stick":12,"minecraft:wooden_pickaxe":1,"minecraft:stone_pickaxe":1,"minecraft:stone_sword":1,"minecraft:torch":4,"biomesoplenty:willow_planks":20,"minecraft:stone_axe":1}},"DataVersion":3465}