{"stats":{"minecraft:crafted":{"biomesoplenty:willow_planks":20,"minecraft:stick":4,"minecraft:wooden_pickaxe":1},"minecraft:picked_up":{"biomesoplenty:willow_log":5},"minecraft:mined":{"minecraft:grass":2,"biomesoplenty:willow_log":4,"minecraft:fern":8},"minecraft:custom":{"minecraft:jump":8,"minecraft:time_since_rest":2507,"minecraft:leave_game":1,"minecraft:sprint_one_cm":14,"minecraft:deaths":1,"minecraft:play_time":4173,"minecraft:damage_taken":270,"minecraft:time_since_death":2480,"minecraft:walk_one_cm":10184,"minecraft:sneak_time":2,"minecraft:total_world_time":4173,"minecraft:interact_with_crafting_table":2,"minecraft:fall_one_cm":819,"minecraft:fly_one_cm":160}},"DataVersion":3465}