{"stats":{"minecraft:custom":{"lootr:looted_stat":12,"minecraft:interact_with_furnace":5,"minecraft:mob_kills":20,"minecraft:interact_with_crafting_table":16,"minecraft:open_barrel":2,"minecraft:eat_cake_slice":7,"minecraft:leave_game":2,"minecraft:time_since_death":24659,"minecraft:time_since_rest":24679,"minecraft:sprint_one_cm":119231,"minecraft:damage_taken":2249,"minecraft:walk_one_cm":146034,"minecraft:drop":4,"minecraft:damage_dealt":2846,"minecraft:fly_one_cm":182516,"minecraft:crouch_one_cm":6773,"minecraft:play_time":57685,"minecraft:deaths":5,"minecraft:sneak_time":4894,"minecraft:walk_under_water_one_cm":2068,"minecraft:jump":804,"minecraft:walk_on_water_one_cm":227,"minecraft:total_world_time":57685,"minecraft:fall_one_cm":21044},"minecraft:killed":{"minecraft:pig":1,"minecraft:creeper":3,"minecraft:sheep":3,"minecraft:skeleton":2,"minecraft:zombie":7,"minecraft:chicken":1,"alexsmobs:fly":1,"zombie_extreme:assasin_black_ops":2},"minecraft:dropped":{"minecraft:wheat_seeds":4},"minecraft:broken":{"minecraft:wooden_pickaxe":1},"minecraft:used":{"minecraft:calcite":8,"minecraft:cooked_mutton":4,"minecraft:stone_sword":86,"minecraft:stone_pickaxe":20,"minecraft:wooden_pickaxe":57,"minecraft:torch":4,"minecraft:stripped_mangrove_wood":1,"minecraft:dirt":5,"minecraft:crafting_table":1,"minecraft:mushroom_stew":1,"minecraft:bread":5,"minecraft:cyan_carpet":2,"minecraft:stone_axe":2,"minecraft:cobblestone":18,"minecraft:cooked_porkchop":1},"minecraft:killed_by":{"minecraft:zombie":1},"minecraft:crafted":{"minecraft:crafting_table":1,"minecraft:wooden_pickaxe":1,"minecraft:furnace":1,"minecraft:stone_axe":1,"biomesoplenty:willow_planks":20,"minecraft:bread":1,"minecraft:cooked_mutton":4,"minecraft:air":0,"minecraft:stick":12,"minecraft:stone_pickaxe":1,"minecraft:stone_sword":1,"minecraft:torch":4},"minecraft:mined":{"biomesoplenty:spanish_moss":1,"biomesoplenty:desert_grass":1,"minecraft:soul_lantern":1,"minecraft:crafting_table":1,"minecraft:torch":1,"bakery:wild_strawberries":1,"minecraft:grass_block":3,"minecraft:calcite":2,"minecraft:cobblestone":6,"minecraft:tall_grass":4,"vinery:savanna_grape_bush_white":1,"biomesoplenty:willow_log":4,"minecraft:wall_torch":1,"biomesoplenty:willow_planks":1,"minecraft:large_fern":3,"biomesoplenty:spanish_moss_plant":2,"minecraft:grass":27,"minecraft:coal_ore":23,"minecraft:dirt":2,"minecraft:stone":38,"minecraft:fern":35},"minecraft:picked_up":{"vinery:savanna_grape_seeds_white":3,"minecraft:crafting_table":1,"zombie_extreme:m_9_knife":1,"minecraft:feather":1,"minecraft:chicken":1,"minecraft:potion":1,"minecraft:mushroom_stew":1,"minecraft:dirt":5,"minecraft:cyan_carpet":2,"biomesoplenty:willow_planks":1,"minecraft:wheat_seeds":5,"minecraft:calcite":8,"lightmanscurrency:coin_iron":5,"minecraft:egg":1,"minecraft:stripped_mangrove_wood":1,"minecraft:cooked_porkchop":1,"minecraft:torch":1,"minecraft:porkchop":3,"minecraft:stone_pressure_plate":1,"lightmanscurrency:coin_copper":12,"biomesoplenty:willow_log":5,"minecraft:rotten_flesh":4,"minecraft:soul_lantern":1,"supplementaries:ash":1,"alexsmobs:maggot":2,"minecraft:mutton":4,"minecraft:coal":23,"minecraft:white_wool":3,"minecraft:cobblestone":43}},"DataVersion":3465}