{"stats":{"minecraft:broken":{"minecraft:wooden_pickaxe":1},"minecraft:picked_up":{"vinery:savanna_grape_seeds_white":3,"minecraft:crafting_table":1,"zombie_extreme:m_9_knife":1,"minecraft:feather":3,"minecraft:chicken":2,"minecraft:potion":1,"minecraft:mushroom_stew":1,"minecraft:dirt":28,"minecraft:cyan_carpet":2,"biomesoplenty:willow_planks":1,"minecraft:wheat_seeds":8,"minecraft:calcite":8,"lightmanscurrency:coin_iron":5,"zombie_extreme:metal_fence":1,"minecraft:egg":1,"bakery:strawberry":1,"minecraft:raw_iron":1,"minecraft:stripped_mangrove_wood":1,"minecraft:cooked_porkchop":1,"minecraft:torch":2,"minecraft:porkchop":7,"minecraft:carrot":1,"minecraft:stone_pressure_plate":1,"lightmanscurrency:coin_copper":13,"minecraft:arrow":1,"biomesoplenty:willow_log":5,"minecraft:rotten_flesh":5,"biomesoplenty:cattail":1,"minecraft:soul_lantern":1,"minecraft:bread":1,"supplementaries:ash":1,"alexsmobs:maggot":2,"minecraft:mutton":7,"minecraft:coal":49,"minecraft:white_wool":4,"minecraft:cobblestone":47},"minecraft:custom":{"lootr:looted_stat":14,"minecraft:interact_with_furnace":5,"minecraft:mob_kills":27,"minecraft:interact_with_crafting_table":16,"minecraft:open_barrel":2,"minecraft:eat_cake_slice":7,"minecraft:leave_game":2,"minecraft:time_since_death":10062,"minecraft:climb_one_cm":2580,"minecraft:time_since_rest":10090,"minecraft:sprint_one_cm":250773,"minecraft:damage_taken":3859,"minecraft:walk_one_cm":206828,"minecraft:drop":9,"minecraft:damage_dealt":3928,"minecraft:talked_to_villager":1,"minecraft:fly_one_cm":469293,"minecraft:crouch_one_cm":7842,"minecraft:play_time":87066,"minecraft:deaths":10,"minecraft:sneak_time":5373,"minecraft:walk_under_water_one_cm":2286,"minecraft:jump":1777,"minecraft:walk_on_water_one_cm":2639,"minecraft:total_world_time":87066,"minecraft:fall_one_cm":50368},"minecraft:mined":{"biomesoplenty:spanish_moss":5,"farmersdelight:wild_carrots":1,"biomesoplenty:desert_grass":1,"minecraft:soul_lantern":1,"minecraft:crafting_table":1,"minecraft:torch":1,"bakery:wild_strawberries":2,"minecraft:grass_block":8,"minecraft:calcite":2,"minecraft:tall_grass":4,"minecraft:cobblestone":7,"vinery:savanna_grape_bush_white":1,"biomesoplenty:cattail":1,"biomesoplenty:willow_log":4,"minecraft:wall_torch":2,"biomesoplenty:willow_planks":1,"minecraft:large_fern":5,"zombie_extreme:metal_fence":1,"biomesoplenty:spanish_moss_plant":3,"minecraft:iron_ore":1,"minecraft:grass":39,"minecraft:coal_ore":49,"minecraft:dirt":7,"minecraft:stone":39,"minecraft:fern":55},"minecraft:crafted":{"minecraft:crafting_table":1,"minecraft:wooden_pickaxe":1,"minecraft:furnace":1,"minecraft:stone_axe":1,"biomesoplenty:willow_planks":20,"minecraft:bread":1,"minecraft:cooked_mutton":4,"minecraft:air":0,"minecraft:stick":12,"minecraft:stone_pickaxe":1,"minecraft:stone_sword":1,"minecraft:torch":4},"minecraft:dropped":{"minecraft:bread":1,"minecraft:wheat_seeds":7,"minecraft:stone_pressure_plate":1},"minecraft:killed_by":{"minecraft:skeleton":2,"minecraft:zombie":1},"minecraft:killed":{"minecraft:pig":4,"minecraft:creeper":3,"minecraft:sheep":4,"minecraft:skeleton":2,"minecraft:zombie":8,"minecraft:chicken":2,"alexsmobs:fly":1,"zombie_extreme:assasin_black_ops":2,"zombie_extreme:runner":1},"minecraft:used":{"minecraft:calcite":8,"minecraft:cooked_mutton":4,"minecraft:stone_sword":111,"zombie_extreme:m_9_knife":2,"minecraft:stone_pickaxe":68,"minecraft:wooden_pickaxe":57,"minecraft:torch":5,"minecraft:stripped_mangrove_wood":1,"minecraft:dirt":13,"minecraft:crafting_table":1,"minecraft:mushroom_stew":2,"bakery:strawberry":1,"minecraft:bread":8,"biomesoplenty:cattail":1,"minecraft:cyan_carpet":2,"minecraft:stone_axe":2,"minecraft:cobblestone":45,"minecraft:cooked_porkchop":1,"minecraft:pumpkin_pie":2}},"DataVersion":3465}