{"stats":{"minecraft:crafted":{"minecraft:torch":4,"biomesoplenty:willow_planks":20,"minecraft:stick":4,"minecraft:wooden_pickaxe":1},"minecraft:used":{"minecraft:torch":1,"minecraft:dirt":4,"minecraft:cobblestone":8,"minecraft:wooden_pickaxe":52},"minecraft:picked_up":{"biomesoplenty:willow_log":5,"minecraft:wheat_seeds":3,"minecraft:coal":23,"minecraft:dirt":5,"minecraft:cobblestone":22},"minecraft:mined":{"minecraft:large_fern":1,"biomesoplenty:spanish_moss":1,"minecraft:grass":4,"minecraft:coal_ore":23,"minecraft:grass_block":3,"biomesoplenty:spanish_moss_plant":2,"minecraft:dirt":2,"minecraft:stone":22,"biomesoplenty:willow_log":4,"minecraft:fern":12},"minecraft:killed_by":{"minecraft:zombie":1},"minecraft:dropped":{"minecraft:wheat_seeds":2},"minecraft:custom":{"minecraft:time_since_rest":516,"minecraft:crouch_one_cm":3479,"minecraft:sprint_one_cm":7375,"minecraft:play_time":14714,"minecraft:deaths":4,"minecraft:damage_taken":1274,"minecraft:walk_one_cm":26182,"minecraft:sneak_time":1709,"minecraft:walk_under_water_one_cm":2068,"minecraft:drop":2,"minecraft:jump":75,"minecraft:damage_dealt":97,"minecraft:leave_game":1,"minecraft:walk_on_water_one_cm":38,"minecraft:time_since_death":485,"minecraft:total_world_time":14714,"minecraft:interact_with_crafting_table":2,"minecraft:fall_one_cm":2353,"minecraft:fly_one_cm":5776}},"DataVersion":3465}