{"stats":{"minecraft:custom":{"lootr:looted_stat":8,"minecraft:interact_with_furnace":55,"minecraft:mob_kills":25,"minecraft:interact_with_crafting_table":24,"minecraft:open_barrel":2,"minecraft:time_since_death":59819,"minecraft:sleep_in_bed":1,"minecraft:climb_one_cm":4937,"minecraft:time_since_rest":45854,"minecraft:sprint_one_cm":93714,"minecraft:damage_taken":1515,"minecraft:walk_one_cm":131843,"minecraft:drop":40,"minecraft:damage_dealt":3237,"minecraft:player_kills":1,"minecraft:fly_one_cm":131425,"minecraft:crouch_one_cm":9635,"minecraft:play_time":67107,"minecraft:deaths":2,"minecraft:sneak_time":4401,"minecraft:walk_under_water_one_cm":161,"minecraft:jump":687,"minecraft:interact_with_blast_furnace":1,"minecraft:walk_on_water_one_cm":2873,"minecraft:total_world_time":67107,"minecraft:fall_one_cm":19391},"minecraft:killed":{"minecraft:spider":1,"zombie_extreme:divided":1,"minecraft:sheep":4,"zombie_extreme:devestated":1,"minecraft:zombie":9,"minecraft:cow":8},"minecraft:dropped":{"minecraft:bread":2,"zombie_extreme:raw_aluminum":1,"minecraft:cooked_beef":3,"zombie_extreme:dog_food":1,"minecraft:stone_sword":1,"minecraft:cobbled_deepslate":10,"minecraft:raw_copper":5,"minecraft:crafting_table":1,"farmersdelight:cabbage_seeds":2,"minecraft:rotten_flesh":8,"minecraft:book":1,"sophisticatedbackpacks:backpack":1,"argentinas_delight:cuernodetoro":5,"minecraft:stick":1,"supplementaries:flax_seeds":2,"minecraft:dirt":1,"minecraft:gunpowder":1,"minecraft:wooden_axe":2,"minecraft:oak_sapling":3,"minecraft:wooden_pickaxe":2,"minecraft:string":4},"minecraft:used":{"zombie_extreme:butcher_knife":33,"minecraft:cooked_mutton":6,"minecraft:stone_sword":45,"minecraft:stone_shovel":22,"minecraft:stone_pickaxe":262,"minecraft:wooden_pickaxe":13,"minecraft:iron_chestplate":1,"minecraft:torch":61,"minecraft:dirt":12,"minecraft:crafting_table":9,"zombie_extreme:combat_armor_boots":1,"minecraft:white_bed":1,"minecraft:wooden_axe":11,"minecraft:bread":2,"minecraft:iron_pickaxe":180,"minecraft:stone_axe":1,"minecraft:cobblestone":54,"minecraft:bow":9,"minecraft:furnace":8,"minecraft:cooked_porkchop":2,"minecraft:cobbled_deepslate":1,"minecraft:cooked_beef":5},"minecraft:broken":{"minecraft:stone_pickaxe":2},"minecraft:crafted":{"minecraft:cooked_beef":16,"minecraft:oak_planks":44,"minecraft:stone_shovel":1,"sophisticatedbackpacks:backpack":1,"minecraft:crafting_table":8,"minecraft:wooden_pickaxe":1,"zombie_extreme:ignotsteel":11,"minecraft:furnace":1,"zombie_extreme:combat_armor_boots":1,"minecraft:stone_axe":1,"biomesoplenty:willow_planks":24,"minecraft:cooked_mutton":6,"minecraft:air":0,"minecraft:iron_chestplate":1,"minecraft:bow":1,"minecraft:stick":32,"minecraft:iron_ingot":13,"minecraft:iron_pickaxe":1,"minecraft:stone_pickaxe":2,"minecraft:wooden_axe":1,"minecraft:stone_sword":1,"minecraft:chest":1,"minecraft:white_bed":1,"minecraft:torch":52},"minecraft:mined":{"minecraft:deepslate_redstone_ore":3,"minecraft:crafting_table":2,"minecraft:torch":3,"minecraft:grass_block":3,"zombie_extreme:deepslate_lead":5,"zombie_extreme:deepslate_thorium":3,"minecraft:copper_ore":1,"minecraft:cobblestone":9,"minecraft:deepslate_gold_ore":5,"biomesoplenty:willow_log":6,"minecraft:spawner":1,"minecraft:wall_torch":1,"supplementaries:urn":4,"zombie_extreme:deepslate_ruby":2,"minecraft:furnace":6,"zombie_extreme:thorium_ore":4,"minecraft:iron_ore":4,"zombie_extreme:ore_steel":7,"minecraft:deepslate_lapis_ore":1,"zombie_extreme:deepslate_steel":8,"minecraft:grass":5,"minecraft:oak_log":6,"minecraft:coal_ore":67,"zombie_extreme:deepslate_tin":5,"minecraft:deepslate_iron_ore":7,"minecraft:dirt":24,"minecraft:stone":270,"minecraft:stone_bricks":2,"zombie_extreme:deepslate_aluminum":1,"minecraft:oak_leaves":1,"minecraft:deepslate":28,"minecraft:fern":2},"minecraft:picked_up":{"minecraft:wooden_axe":1,"minecraft:crafting_table":3,"minecraft:cooked_beef":3,"minecraft:leather":10,"minecraft:wooden_pickaxe":1,"zombie_extreme:raw_tin":5,"minecraft:oak_log":6,"supplementaries:flax_seeds":2,"minecraft:lapis_lazuli":4,"minecraft:dirt":27,"zombie_extreme:raw_steel":19,"minecraft:raw_copper":5,"zombie_extreme:raw_lead":5,"minecraft:bone":5,"minecraft:stone_bricks":2,"minecraft:cobbled_deepslate":25,"minecraft:raw_gold":5,"minecraft:beef":24,"lightmanscurrency:coin_iron":11,"minecraft:oak_planks":1,"zombie_extreme:ruby":2,"minecraft:furnace":8,"zombie_extreme:raw_aluminum":1,"minecraft:raw_iron":14,"minecraft:cooked_porkchop":2,"minecraft:torch":14,"minecraft:stone_brick_slab":1,"sophisticatedbackpacks:backpack":1,"zombie_extreme:dog_food":1,"lightmanscurrency:coin_copper":17,"minecraft:rotten_flesh":8,"biomesoplenty:willow_log":6,"zombie_extreme:raw_thorium":6,"minecraft:bone_meal":4,"minecraft:bread":2,"argentinas_delight:cuernodetoro":10,"minecraft:oak_sapling":3,"zombie_extreme:butcher_knife":1,"minecraft:mutton":6,"minecraft:coal":89,"minecraft:white_wool":4,"minecraft:cobblestone":277}},"DataVersion":3465}