{"stats":{"minecraft:killed":{"born_in_chaos_v1:restless_spirit":3,"minecraft:vindicator":3,"minecraft:spider":3,"minecraft:slime":42,"born_in_chaos_v1:decrepit_skeleton":3,"minecraft:skeleton":1,"minecraft:zombie":2,"born_in_chaos_v1:corpse_fly":1,"minecraft:chicken":2,"born_in_chaos_v1:skeleton_thrasher":2,"minecraft:drowned":1,"born_in_chaos_v1:corpse_fish":1,"born_in_chaos_v1:door_knight":1,"alexsmobs:skelewag":4},"minecraft:mined":{"minecraft:dark_oak_planks":3,"biomesoplenty:orange_autumn_leaves":6,"minecraft:stripped_warped_stem":8,"minecraft:spruce_planks":16,"minecraft:mossy_cobblestone":1,"minecraft:dark_oak_leaves":15,"minecraft:dark_oak_log":174,"minecraft:crafting_table":2,"gravestone:gravestone":1,"minecraft:purple_terracotta":1,"minecraft:blast_furnace":2,"minecraft:jungle_planks":1,"minecraft:infested_cobblestone":2,"minecraft:melon":1,"minecraft:iron_door":2,"minecraft:spawner":11,"minecraft:spruce_stairs":1,"minecraft:fire":2,"minecraft:grass":3,"minecraft:mossy_stone_brick_stairs":1,"minecraft:coal_ore":3,"minecraft:iron_bars":2,"minecraft:cobweb":1,"minecraft:iron_block":1,"minecraft:mossy_stone_bricks":1,"minecraft:chipped_anvil":2,"minecraft:spruce_slab":4},"minecraft:custom":{"lootr:looted_stat":28,"minecraft:interact_with_anvil":1,"minecraft:mob_kills":74,"minecraft:traded_with_villager":4,"minecraft:interact_with_crafting_table":11,"minecraft:open_barrel":4,"minecraft:damage_dealt_resisted":3748,"minecraft:time_since_death":26609,"minecraft:climb_one_cm":1516,"minecraft:time_since_rest":26651,"minecraft:sprint_one_cm":20848,"minecraft:damage_absorbed":195,"minecraft:damage_taken":1347,"minecraft:walk_one_cm":57473,"minecraft:damage_blocked_by_shield":140,"minecraft:drop":17,"minecraft:damage_dealt":7776,"minecraft:talked_to_villager":3,"minecraft:swim_one_cm":88894,"minecraft:fly_one_cm":28194,"minecraft:crouch_one_cm":6451,"minecraft:play_time":61433,"minecraft:deaths":1,"minecraft:sneak_time":3556,"minecraft:walk_under_water_one_cm":16981,"minecraft:boat_one_cm":635997,"minecraft:jump":372,"minecraft:walk_on_water_one_cm":48289,"minecraft:total_world_time":61433,"minecraft:fall_one_cm":7440},"minecraft:killed_by":{"alexsmobs:skelewag":1},"minecraft:crafted":{"minecraft:wooden_sword":1,"minecraft:cooked_cod":24,"minecraft:dark_oak_boat":1,"minecraft:crafting_table":3,"minecraft:wooden_pickaxe":1,"minecraft:iron_helmet":2,"minecraft:iron_chestplate":1,"minecraft:diamond_pickaxe":1,"minecraft:shield":1,"minecraft:stick":8,"minecraft:iron_ingot":9,"minecraft:wooden_axe":1,"minecraft:dark_oak_planks":152},"minecraft:used":{"minecraft:wooden_pickaxe":1,"minecraft:shield":5,"minecraft:iron_sword":203,"minecraft:torch":1,"minecraft:diamond_axe":201,"minecraft:cooked_salmon":1,"minecraft:salmon":6,"minecraft:crafting_table":4,"minecraft:dark_oak_planks":84,"minecraft:wooden_axe":16,"minecraft:diamond_pickaxe":29,"minecraft:chipped_anvil":1,"minecraft:melon_slice":3,"minecraft:bread":3,"minecraft:iron_boots":1,"minecraft:potion":1,"minecraft:wooden_sword":31,"minecraft:dark_oak_boat":1,"minecraft:cooked_cod":15},"minecraft:picked_up":{"born_in_chaos_v1:corpse_maggot":3,"minecraft:crafting_table":2,"minecraft:feather":4,"born_in_chaos_v1:monster_flesh":1,"minecraft:chicken":4,"minecraft:iron_door":2,"minecraft:glow_ink_sac":5,"minecraft:salmon":2,"minecraft:dark_oak_boat":1,"minecraft:lead":3,"minecraft:chain":1,"gravestone:obituary":1,"minecraft:gunpowder":1,"minecraft:shield":1,"minecraft:dirt":52,"minecraft:string":5,"minecraft:iron_leggings":1,"minecraft:bone":21,"minecraft:chipped_anvil":2,"alexsmobs:serrated_shark_tooth":2,"minecraft:apple":1,"minecraft:stripped_warped_stem":8,"minecraft:spruce_planks":11,"minecraft:iron_ingot":6,"minecraft:melon_slice":3,"minecraft:mossy_stone_brick_stairs":1,"minecraft:dark_oak_sapling":3,"born_in_chaos_v1:shattered_skull":1,"minecraft:stick":6,"alexsmobs:fish_bones":3,"minecraft:torch":16,"born_in_chaos_v1:ethereal_spirit":3,"minecraft:spruce_stairs":1,"born_in_chaos_v1:pileof_dark_metal":1,"minecraft:jungle_planks":2,"minecraft:blast_furnace":2,"minecraft:carrot":1,"minecraft:dark_oak_log":174,"minecraft:mossy_cobblestone":2,"minecraft:dark_oak_planks":3,"minecraft:diamond":2,"minecraft:rotten_flesh":12,"minecraft:slime_ball":62,"minecraft:iron_block":1,"minecraft:emerald":5,"minecraft:coal":6,"minecraft:iron_bars":2,"minecraft:cod":1},"minecraft:dropped":{"minecraft:glow_ink_sac":5,"minecraft:glass_bottle":1,"minecraft:mossy_cobblestone":1,"minecraft:diamond":3,"minecraft:iron_helmet":1,"minecraft:book":6,"minecraft:rotten_flesh":3,"minecraft:iron_boots":1,"minecraft:jungle_planks":1,"minecraft:mossy_stone_brick_stairs":1,"minecraft:salmon":2,"minecraft:emerald":2,"minecraft:shield":1,"minecraft:iron_bars":2,"minecraft:dark_oak_planks":11}},"DataVersion":3465}