{"stats":{"minecraft:used":{"minecraft:wooden_axe":11,"minecraft:stone_sword":39,"minecraft:stone_pickaxe":41,"minecraft:wooden_pickaxe":13,"minecraft:dirt":4,"minecraft:crafting_table":4,"minecraft:furnace":1,"minecraft:cooked_beef":5},"minecraft:crafted":{"minecraft:cooked_beef":6,"minecraft:oak_planks":8,"minecraft:crafting_table":3,"minecraft:stick":12,"minecraft:wooden_pickaxe":1,"minecraft:stone_pickaxe":1,"minecraft:wooden_axe":1,"minecraft:stone_sword":1,"minecraft:furnace":1,"minecraft:stone_axe":1,"biomesoplenty:willow_planks":24,"minecraft:air":0},"minecraft:picked_up":{"minecraft:wooden_axe":1,"minecraft:crafting_table":1,"minecraft:leather":10,"minecraft:wooden_pickaxe":1,"minecraft:oak_log":6,"minecraft:dirt":5,"biomesoplenty:willow_log":6,"minecraft:stone_bricks":2,"minecraft:beef":20,"argentinas_delight:cuernodetoro":5,"minecraft:oak_sapling":3,"minecraft:mutton":6,"minecraft:coal":35,"minecraft:white_wool":4,"minecraft:cobblestone":24,"minecraft:furnace":1},"minecraft:mined":{"minecraft:furnace":1,"minecraft:crafting_table":1,"minecraft:grass":4,"minecraft:coal_ore":18,"minecraft:grass_block":1,"minecraft:oak_log":6,"minecraft:dirt":4,"minecraft:cobblestone":5,"minecraft:stone_bricks":2,"minecraft:stone":21,"biomesoplenty:willow_log":6,"minecraft:oak_leaves":1,"minecraft:fern":2},"minecraft:killed":{"minecraft:sheep":4,"minecraft:spider":1,"minecraft:cow":8},"minecraft:dropped":{"minecraft:dirt":1,"minecraft:gunpowder":1,"minecraft:wooden_axe":2,"farmersdelight:cabbage_seeds":2,"minecraft:oak_sapling":3,"minecraft:wooden_pickaxe":2,"minecraft:stick":1},"minecraft:custom":{"minecraft:time_since_rest":13138,"minecraft:interact_with_furnace":10,"lootr:looted_stat":5,"minecraft:sprint_one_cm":39845,"minecraft:damage_taken":939,"minecraft:walk_one_cm":43397,"minecraft:mob_kills":14,"minecraft:drop":10,"minecraft:damage_dealt":1519,"minecraft:interact_with_crafting_table":8,"minecraft:fly_one_cm":83749,"minecraft:crouch_one_cm":1294,"minecraft:play_time":20401,"minecraft:deaths":2,"minecraft:sneak_time":695,"minecraft:jump":331,"minecraft:walk_on_water_one_cm":2356,"minecraft:time_since_death":13113,"minecraft:climb_one_cm":2955,"minecraft:total_world_time":20401,"minecraft:fall_one_cm":8940}},"DataVersion":3465}