{"stats":{"minecraft:killed":{"born_in_chaos_v1:restless_spirit":1,"minecraft:vindicator":3,"born_in_chaos_v1:corpse_fish":1},"minecraft:mined":{"minecraft:spruce_stairs":1,"biomesoplenty:orange_autumn_leaves":6,"minecraft:dark_oak_log":14,"minecraft:crafting_table":1,"minecraft:melon":1,"minecraft:spawner":1},"minecraft:custom":{"minecraft:time_since_rest":7433,"minecraft:sprint_one_cm":2230,"lootr:looted_stat":6,"minecraft:damage_taken":114,"minecraft:walk_one_cm":6024,"minecraft:mob_kills":6,"minecraft:drop":5,"minecraft:damage_dealt":1226,"minecraft:swim_one_cm":11034,"minecraft:interact_with_crafting_table":8,"minecraft:fly_one_cm":943,"minecraft:crouch_one_cm":1675,"minecraft:play_time":7433,"minecraft:sneak_time":1081,"minecraft:walk_under_water_one_cm":2577,"minecraft:jump":29,"minecraft:time_since_death":7433,"minecraft:walk_on_water_one_cm":3879,"minecraft:total_world_time":7433,"minecraft:climb_one_cm":1212,"minecraft:fall_one_cm":269},"minecraft:crafted":{"minecraft:wooden_sword":1,"minecraft:iron_chestplate":1,"minecraft:diamond_pickaxe":1,"minecraft:shield":1,"minecraft:crafting_table":2,"minecraft:stick":8,"minecraft:wooden_pickaxe":1,"minecraft:iron_helmet":2,"minecraft:wooden_axe":1,"minecraft:dark_oak_planks":56},"minecraft:used":{"minecraft:wooden_axe":16,"minecraft:dark_oak_planks":8,"minecraft:wooden_pickaxe":1,"minecraft:iron_sword":2,"minecraft:iron_boots":1,"minecraft:wooden_sword":31,"minecraft:crafting_table":3},"minecraft:picked_up":{"minecraft:crafting_table":1,"born_in_chaos_v1:ethereal_spirit":1,"minecraft:spruce_stairs":1,"minecraft:dark_oak_log":14,"minecraft:iron_leggings":1,"minecraft:bone":1,"minecraft:diamond":2,"minecraft:iron_ingot":6,"minecraft:emerald":5,"minecraft:melon_slice":3,"minecraft:coal":3},"minecraft:dropped":{"minecraft:diamond":1,"minecraft:iron_helmet":1,"minecraft:iron_boots":1,"minecraft:dark_oak_planks":11,"minecraft:emerald":2}},"DataVersion":3465}