{"stats":{"minecraft:crafted":{"minecraft:stone_sword":1,"biomesoplenty:willow_planks":16,"minecraft:crafting_table":1,"minecraft:stick":8,"minecraft:wooden_pickaxe":1,"minecraft:stone_pickaxe":1,"minecraft:wooden_axe":1},"minecraft:used":{"minecraft:wooden_axe":1,"minecraft:stone_sword":1,"minecraft:crafting_table":2,"minecraft:stone_pickaxe":5,"minecraft:wooden_pickaxe":3},"minecraft:picked_up":{"minecraft:crafting_table":1,"biomesoplenty:willow_log":4,"minecraft:cobblestone":7},"minecraft:custom":{"minecraft:time_since_rest":3102,"minecraft:play_time":3102,"minecraft:sprint_one_cm":980,"minecraft:walk_one_cm":2201,"minecraft:sneak_time":16,"minecraft:jump":10,"minecraft:damage_dealt":78,"minecraft:time_since_death":3102,"minecraft:walk_on_water_one_cm":2055,"minecraft:total_world_time":3102,"minecraft:fly_one_cm":2811,"minecraft:interact_with_crafting_table":4,"minecraft:fall_one_cm":629},"minecraft:mined":{"minecraft:stone":7,"biomesoplenty:willow_log":4,"minecraft:crafting_table":1,"minecraft:fern":1}},"DataVersion":3465}