{"stats":{"minecraft:crafted":{"minecraft:crafting_table":1,"minecraft:stick":8,"minecraft:wooden_pickaxe":1,"minecraft:stone_pickaxe":1,"minecraft:wooden_axe":1,"minecraft:stone_sword":1,"biomesoplenty:willow_planks":16},"minecraft:used":{"minecraft:wooden_axe":8,"minecraft:stone_sword":37,"minecraft:stone_pickaxe":10,"minecraft:wooden_pickaxe":5,"minecraft:crafting_table":2},"minecraft:picked_up":{"minecraft:crafting_table":1,"minecraft:leather":10,"minecraft:oak_log":6,"biomesoplenty:willow_log":4,"minecraft:beef":13,"argentinas_delight:cuernodetoro":5,"minecraft:oak_sapling":3,"minecraft:mutton":6,"minecraft:white_wool":4,"minecraft:cobblestone":14},"minecraft:mined":{"minecraft:crafting_table":1,"minecraft:grass":3,"minecraft:oak_log":6,"minecraft:cobblestone":2,"minecraft:stone":12,"biomesoplenty:willow_log":4,"minecraft:oak_leaves":1,"minecraft:fern":1},"minecraft:killed":{"minecraft:sheep":4,"minecraft:cow":8},"minecraft:dropped":{"minecraft:wooden_axe":1,"minecraft:wooden_pickaxe":1},"minecraft:custom":{"minecraft:time_since_rest":1138,"minecraft:sprint_one_cm":24894,"minecraft:damage_taken":505,"minecraft:walk_one_cm":15842,"minecraft:mob_kills":13,"minecraft:drop":2,"minecraft:damage_dealt":1276,"minecraft:interact_with_crafting_table":4,"minecraft:fly_one_cm":52801,"minecraft:crouch_one_cm":246,"minecraft:play_time":8401,"minecraft:deaths":2,"minecraft:sneak_time":72,"minecraft:jump":190,"minecraft:walk_on_water_one_cm":2356,"minecraft:time_since_death":1113,"minecraft:total_world_time":8401,"minecraft:fall_one_cm":4863}},"DataVersion":3465}