{"stats":{"minecraft:killed":{"born_in_chaos_v1:restless_spirit":3,"minecraft:spider":6,"minecraft:vindicator":3,"minecraft:slime":42,"born_in_chaos_v1:zombie_bruiser":1,"born_in_chaos_v1:baby_skeleton_minion":2,"born_in_chaos_v1:maggot":2,"minecraft:skeleton":2,"minecraft:chicken":3,"born_in_chaos_v1:skeleton_thrasher":2,"minecraft:drowned":1,"born_in_chaos_v1:corpse_fish":1,"alexsmobs:skelewag":4,"alexsmobs:anteater":1,"born_in_chaos_v1:baby_skeleton":1,"born_in_chaos_v1:swarmer":1,"mutantmonsters:mutant_skeleton":1,"minecraft:creeper":2,"born_in_chaos_v1:decrepit_skeleton":5,"born_in_chaos_v1:bloody_gadfly":1,"minecraft:zombie":6,"born_in_chaos_v1:dread_hound":3,"born_in_chaos_v1:corpse_fly":8,"born_in_chaos_v1:door_knight":4},"minecraft:mined":{"minecraft:dark_oak_planks":3,"biomesoplenty:orange_autumn_leaves":6,"minecraft:stripped_warped_stem":8,"minecraft:spruce_planks":16,"minecraft:mossy_cobblestone":1,"minecraft:dark_oak_leaves":15,"minecraft:dark_oak_log":174,"minecraft:jungle_leaves":1,"gravestone:gravestone":1,"minecraft:purple_terracotta":1,"minecraft:infested_cobblestone":2,"minecraft:jungle_planks":1,"minecraft:spawner":11,"minecraft:iron_ore":29,"minecraft:fire":2,"minecraft:mossy_stone_brick_stairs":1,"minecraft:iron_bars":2,"minecraft:bamboo":7,"minecraft:stone":29,"minecraft:iron_block":1,"minecraft:spruce_slab":4,"minecraft:crafting_table":2,"minecraft:blast_furnace":2,"minecraft:melon":8,"biomesoplenty:sprout":2,"minecraft:iron_door":2,"minecraft:spruce_stairs":1,"minecraft:grass":5,"minecraft:coal_ore":64,"minecraft:cobweb":1,"minecraft:mossy_stone_bricks":1,"minecraft:chipped_anvil":2,"minecraft:oak_leaves":1,"minecraft:fern":2},"minecraft:custom":{"lootr:looted_stat":28,"minecraft:mob_kills":110,"minecraft:interact_with_anvil":1,"minecraft:interact_with_crafting_table":11,"minecraft:open_barrel":4,"minecraft:damage_dealt_resisted":6459,"minecraft:time_since_death":50609,"minecraft:climb_one_cm":2677,"minecraft:sprint_one_cm":80345,"minecraft:walk_one_cm":113181,"minecraft:damage_blocked_by_shield":1340,"minecraft:drop":65,"minecraft:talked_to_villager":3,"minecraft:play_time":85433,"minecraft:deaths":1,"minecraft:sneak_time":4229,"minecraft:walk_under_water_one_cm":20316,"minecraft:boat_one_cm":775631,"minecraft:jump":946,"minecraft:walk_on_water_one_cm":58225,"minecraft:total_world_time":85433,"minecraft:traded_with_villager":4,"minecraft:time_since_rest":50651,"minecraft:damage_taken":1907,"minecraft:damage_absorbed":195,"minecraft:damage_dealt":15212,"minecraft:swim_one_cm":91970,"minecraft:fly_one_cm":107035,"minecraft:crouch_one_cm":8324,"minecraft:fall_one_cm":21925},"minecraft:killed_by":{"alexsmobs:skelewag":1},"minecraft:crafted":{"minecraft:wooden_sword":1,"minecraft:dark_oak_boat":1,"minecraft:dark_oak_planks":152,"minecraft:cooked_cod":24,"minecraft:crafting_table":3,"minecraft:wooden_pickaxe":1,"minecraft:iron_helmet":2,"minecraft:iron_chestplate":1,"minecraft:diamond_pickaxe":1,"minecraft:shield":1,"minecraft:stick":8,"minecraft:iron_ingot":9,"minecraft:wooden_axe":1},"minecraft:used":{"minecraft:shield":39,"minecraft:iron_sword":375,"minecraft:cooked_salmon":1,"minecraft:torch":2,"minecraft:dirt":24,"minecraft:wooden_axe":16,"minecraft:dark_oak_planks":84,"minecraft:chipped_anvil":1,"minecraft:iron_boots":1,"minecraft:dark_oak_boat":3,"minecraft:cooked_cod":31,"minecraft:wooden_pickaxe":1,"minecraft:diamond_axe":217,"minecraft:salmon":6,"minecraft:crafting_table":4,"minecraft:diamond_pickaxe":148,"minecraft:bread":3,"minecraft:melon_slice":3,"minecraft:wooden_sword":31,"minecraft:potion":1},"minecraft:picked_up":{"minecraft:crafting_table":2,"minecraft:chicken":5,"minecraft:lead":4,"gravestone:obituary":1,"born_in_chaos_v1:bloody_gadfly_eye":1,"minecraft:chain":1,"minecraft:shield":1,"minecraft:string":8,"mutantmonsters:mutant_skeleton_skull":1,"minecraft:iron_leggings":1,"alexsmobs:serrated_shark_tooth":2,"minecraft:stripped_warped_stem":8,"minecraft:spruce_planks":11,"minecraft:melon_slice":36,"minecraft:dark_oak_sapling":3,"minecraft:stick":16,"minecraft:raw_iron":29,"born_in_chaos_v1:shattered_skull":1,"minecraft:torch":16,"minecraft:spruce_stairs":1,"born_in_chaos_v1:pileof_dark_metal":1,"born_in_chaos_v1:pieceofdarkmetal":1,"minecraft:carrot":1,"mutantmonsters:mutant_skeleton_pelvis":1,"minecraft:dark_oak_planks":3,"minecraft:arrow":1,"minecraft:rotten_flesh":33,"minecraft:iron_block":1,"mutantmonsters:mutant_skeleton_rib":6,"mutantmonsters:mutant_skeleton_shoulder_pad":2,"minecraft:iron_bars":2,"minecraft:cod":1,"minecraft:cobblestone":29,"born_in_chaos_v1:corpse_maggot":13,"minecraft:feather":5,"born_in_chaos_v1:monster_flesh":4,"minecraft:iron_door":2,"minecraft:glow_ink_sac":5,"minecraft:salmon":2,"minecraft:dark_oak_boat":3,"alexsmobs:acacia_blossom":3,"minecraft:potato":1,"minecraft:gunpowder":6,"mutantmonsters:mutant_skeleton_limb":8,"minecraft:dirt":52,"born_in_chaos_v1:monster_skin":2,"minecraft:bone":23,"minecraft:chipped_anvil":2,"minecraft:apple":1,"minecraft:wheat_seeds":2,"minecraft:iron_ingot":10,"minecraft:bamboo":84,"minecraft:acacia_sapling":12,"minecraft:mossy_stone_brick_stairs":1,"alexsmobs:fish_bones":3,"born_in_chaos_v1:ethereal_spirit":3,"minecraft:jungle_planks":2,"minecraft:blast_furnace":2,"minecraft:dark_oak_log":174,"minecraft:spider_eye":3,"minecraft:mossy_cobblestone":2,"minecraft:slime_ball":64,"minecraft:diamond":2,"minecraft:emerald":5,"alexsmobs:maggot":4,"minecraft:coal":65},"minecraft:dropped":{"minecraft:wheat_seeds":2,"minecraft:glow_ink_sac":5,"minecraft:diamond":3,"minecraft:mossy_cobblestone":1,"minecraft:glass_bottle":1,"minecraft:iron_helmet":1,"minecraft:book":6,"minecraft:mossy_stone_brick_stairs":1,"minecraft:jungle_planks":1,"minecraft:emerald":2,"born_in_chaos_v1:monster_flesh":1,"minecraft:chain":1,"minecraft:dark_oak_planks":11,"minecraft:rotten_flesh":3,"minecraft:iron_boots":1,"minecraft:salmon":2,"minecraft:shield":1,"minecraft:gunpowder":1,"minecraft:acacia_sapling":1,"minecraft:spider_eye":3,"minecraft:bamboo":41,"minecraft:iron_bars":2}},"DataVersion":3465}