{"stats":{"minecraft:killed":{"minecraft:spider":1,"minecraft:sheep":4,"minecraft:cow":8},"minecraft:used":{"minecraft:cooked_mutton":6,"minecraft:stone_sword":39,"minecraft:stone_shovel":12,"minecraft:stone_pickaxe":96,"minecraft:wooden_pickaxe":13,"minecraft:torch":2,"minecraft:dirt":12,"minecraft:crafting_table":6,"minecraft:white_bed":1,"minecraft:wooden_axe":11,"minecraft:cobblestone":2,"minecraft:furnace":4,"minecraft:cooked_beef":5},"minecraft:custom":{"minecraft:interact_with_furnace":27,"lootr:looted_stat":6,"minecraft:mob_kills":14,"minecraft:interact_with_crafting_table":12,"minecraft:open_barrel":2,"minecraft:time_since_death":24403,"minecraft:sleep_in_bed":1,"minecraft:climb_one_cm":4937,"minecraft:time_since_rest":10438,"minecraft:sprint_one_cm":47143,"minecraft:damage_taken":1315,"minecraft:walk_one_cm":63388,"minecraft:drop":10,"minecraft:damage_dealt":1519,"minecraft:fly_one_cm":105943,"minecraft:crouch_one_cm":2926,"minecraft:play_time":31691,"minecraft:deaths":2,"minecraft:sneak_time":1343,"minecraft:jump":411,"minecraft:interact_with_blast_furnace":1,"minecraft:walk_on_water_one_cm":2356,"minecraft:total_world_time":31691,"minecraft:fall_one_cm":14211},"minecraft:picked_up":{"minecraft:wooden_axe":1,"minecraft:crafting_table":1,"minecraft:leather":10,"minecraft:wooden_pickaxe":1,"minecraft:oak_log":6,"minecraft:dirt":17,"minecraft:raw_copper":5,"minecraft:stone_bricks":2,"minecraft:beef":24,"minecraft:oak_planks":1,"minecraft:furnace":3,"minecraft:cooked_porkchop":2,"minecraft:stone_brick_slab":1,"biomesoplenty:willow_log":6,"minecraft:bone_meal":4,"minecraft:oak_sapling":3,"argentinas_delight:cuernodetoro":5,"zombie_extreme:butcher_knife":1,"minecraft:mutton":6,"minecraft:coal":52,"minecraft:white_wool":4,"minecraft:cobblestone":58},"minecraft:mined":{"minecraft:crafting_table":1,"minecraft:grass_block":1,"minecraft:copper_ore":1,"minecraft:cobblestone":5,"biomesoplenty:willow_log":6,"minecraft:furnace":1,"minecraft:grass":4,"minecraft:oak_log":6,"minecraft:coal_ore":36,"minecraft:dirt":16,"minecraft:stone":55,"minecraft:stone_bricks":2,"minecraft:oak_leaves":1,"minecraft:fern":2},"minecraft:dropped":{"farmersdelight:cabbage_seeds":2,"minecraft:stick":1,"minecraft:dirt":1,"minecraft:gunpowder":1,"minecraft:wooden_axe":2,"minecraft:oak_sapling":3,"minecraft:wooden_pickaxe":2},"minecraft:crafted":{"minecraft:cooked_beef":12,"minecraft:oak_planks":44,"minecraft:stone_shovel":1,"minecraft:crafting_table":5,"minecraft:wooden_pickaxe":1,"minecraft:furnace":1,"minecraft:stone_axe":1,"biomesoplenty:willow_planks":24,"minecraft:cooked_mutton":6,"minecraft:air":0,"minecraft:bow":1,"minecraft:stick":20,"minecraft:stone_pickaxe":1,"minecraft:wooden_axe":1,"minecraft:stone_sword":1,"minecraft:white_bed":1,"minecraft:torch":12}},"DataVersion":3465}