{"stats":{"minecraft:killed":{"alexsmobs:anteater":1,"born_in_chaos_v1:restless_spirit":3,"born_in_chaos_v1:swarmer":1,"minecraft:vindicator":3,"minecraft:spider":3,"minecraft:slime":42,"minecraft:creeper":1,"born_in_chaos_v1:decrepit_skeleton":3,"born_in_chaos_v1:maggot":2,"minecraft:skeleton":1,"born_in_chaos_v1:bloody_gadfly":1,"minecraft:zombie":2,"born_in_chaos_v1:corpse_fly":6,"minecraft:chicken":3,"born_in_chaos_v1:skeleton_thrasher":2,"minecraft:drowned":1,"born_in_chaos_v1:corpse_fish":1,"born_in_chaos_v1:door_knight":1,"alexsmobs:skelewag":4},"minecraft:mined":{"minecraft:dark_oak_planks":3,"biomesoplenty:orange_autumn_leaves":6,"minecraft:stripped_warped_stem":8,"minecraft:spruce_planks":16,"minecraft:mossy_cobblestone":1,"minecraft:dark_oak_leaves":15,"minecraft:jungle_leaves":1,"minecraft:dark_oak_log":174,"minecraft:crafting_table":2,"gravestone:gravestone":1,"minecraft:purple_terracotta":1,"minecraft:blast_furnace":2,"minecraft:jungle_planks":1,"minecraft:infested_cobblestone":2,"minecraft:melon":8,"minecraft:iron_door":2,"minecraft:spawner":11,"minecraft:spruce_stairs":1,"minecraft:iron_ore":5,"minecraft:fire":2,"minecraft:grass":5,"minecraft:mossy_stone_brick_stairs":1,"minecraft:coal_ore":32,"minecraft:iron_bars":2,"minecraft:cobweb":1,"minecraft:bamboo":7,"minecraft:stone":16,"minecraft:iron_block":1,"minecraft:mossy_stone_bricks":1,"minecraft:chipped_anvil":2,"minecraft:oak_leaves":1,"minecraft:spruce_slab":4},"minecraft:custom":{"lootr:looted_stat":28,"minecraft:interact_with_anvil":1,"minecraft:mob_kills":86,"minecraft:traded_with_villager":4,"minecraft:interact_with_crafting_table":11,"minecraft:open_barrel":4,"minecraft:damage_dealt_resisted":3748,"minecraft:time_since_death":38609,"minecraft:climb_one_cm":2677,"minecraft:time_since_rest":38651,"minecraft:sprint_one_cm":46858,"minecraft:damage_absorbed":195,"minecraft:damage_taken":1389,"minecraft:walk_one_cm":72049,"minecraft:damage_blocked_by_shield":140,"minecraft:drop":62,"minecraft:damage_dealt":8995,"minecraft:talked_to_villager":3,"minecraft:swim_one_cm":91970,"minecraft:fly_one_cm":59690,"minecraft:crouch_one_cm":7006,"minecraft:play_time":73433,"minecraft:deaths":1,"minecraft:sneak_time":3752,"minecraft:walk_under_water_one_cm":17092,"minecraft:boat_one_cm":775631,"minecraft:jump":627,"minecraft:walk_on_water_one_cm":51110,"minecraft:total_world_time":73433,"minecraft:fall_one_cm":11919},"minecraft:killed_by":{"alexsmobs:skelewag":1},"minecraft:crafted":{"minecraft:wooden_sword":1,"minecraft:cooked_cod":24,"minecraft:dark_oak_boat":1,"minecraft:crafting_table":3,"minecraft:wooden_pickaxe":1,"minecraft:iron_helmet":2,"minecraft:iron_chestplate":1,"minecraft:diamond_pickaxe":1,"minecraft:shield":1,"minecraft:stick":8,"minecraft:iron_ingot":9,"minecraft:wooden_axe":1,"minecraft:dark_oak_planks":152},"minecraft:used":{"minecraft:wooden_pickaxe":1,"minecraft:shield":5,"minecraft:iron_sword":225,"minecraft:torch":1,"minecraft:diamond_axe":217,"minecraft:cooked_salmon":1,"minecraft:salmon":6,"minecraft:dirt":9,"minecraft:crafting_table":4,"minecraft:dark_oak_planks":84,"minecraft:wooden_axe":16,"minecraft:diamond_pickaxe":79,"minecraft:chipped_anvil":1,"minecraft:melon_slice":3,"minecraft:bread":3,"minecraft:iron_boots":1,"minecraft:potion":1,"minecraft:wooden_sword":31,"minecraft:dark_oak_boat":3,"minecraft:cooked_cod":19},"minecraft:picked_up":{"born_in_chaos_v1:corpse_maggot":11,"minecraft:crafting_table":2,"minecraft:feather":5,"born_in_chaos_v1:monster_flesh":1,"minecraft:chicken":5,"minecraft:iron_door":2,"minecraft:glow_ink_sac":5,"minecraft:salmon":2,"alexsmobs:acacia_blossom":3,"minecraft:dark_oak_boat":3,"minecraft:lead":4,"born_in_chaos_v1:bloody_gadfly_eye":1,"minecraft:chain":1,"gravestone:obituary":1,"minecraft:gunpowder":3,"minecraft:shield":1,"minecraft:dirt":52,"minecraft:string":5,"minecraft:iron_leggings":1,"minecraft:bone":21,"minecraft:chipped_anvil":2,"alexsmobs:serrated_shark_tooth":2,"minecraft:apple":1,"minecraft:stripped_warped_stem":8,"minecraft:spruce_planks":11,"minecraft:iron_ingot":6,"minecraft:bamboo":84,"minecraft:melon_slice":36,"minecraft:acacia_sapling":12,"minecraft:mossy_stone_brick_stairs":1,"minecraft:raw_iron":5,"minecraft:dark_oak_sapling":3,"born_in_chaos_v1:shattered_skull":1,"minecraft:stick":16,"alexsmobs:fish_bones":3,"minecraft:torch":16,"born_in_chaos_v1:ethereal_spirit":3,"minecraft:spruce_stairs":1,"born_in_chaos_v1:pileof_dark_metal":1,"minecraft:jungle_planks":2,"minecraft:blast_furnace":2,"minecraft:carrot":1,"minecraft:dark_oak_log":174,"minecraft:mossy_cobblestone":2,"minecraft:dark_oak_planks":3,"minecraft:diamond":2,"minecraft:rotten_flesh":14,"minecraft:slime_ball":64,"minecraft:iron_block":1,"minecraft:emerald":5,"minecraft:coal":35,"minecraft:iron_bars":2,"minecraft:cod":1,"minecraft:cobblestone":16},"minecraft:dropped":{"minecraft:glow_ink_sac":5,"minecraft:glass_bottle":1,"minecraft:mossy_cobblestone":1,"minecraft:diamond":3,"minecraft:iron_helmet":1,"minecraft:book":6,"minecraft:rotten_flesh":3,"minecraft:iron_boots":1,"minecraft:jungle_planks":1,"minecraft:mossy_stone_brick_stairs":1,"minecraft:salmon":2,"minecraft:emerald":2,"born_in_chaos_v1:monster_flesh":1,"minecraft:shield":1,"minecraft:gunpowder":1,"minecraft:acacia_sapling":1,"minecraft:bamboo":41,"minecraft:chain":1,"minecraft:iron_bars":2,"minecraft:dark_oak_planks":11}},"DataVersion":3465}