{"stats":{"minecraft:killed":{"born_in_chaos_v1:restless_spirit":1,"minecraft:vindicator":3,"minecraft:spider":3,"minecraft:slime":42,"minecraft:skeleton":1,"minecraft:zombie":2,"born_in_chaos_v1:corpse_fish":1,"alexsmobs:skelewag":4},"minecraft:mined":{"biomesoplenty:orange_autumn_leaves":6,"minecraft:spruce_planks":16,"minecraft:mossy_cobblestone":1,"minecraft:dark_oak_log":14,"minecraft:crafting_table":1,"gravestone:gravestone":1,"minecraft:purple_terracotta":1,"minecraft:blast_furnace":2,"minecraft:jungle_planks":1,"minecraft:infested_cobblestone":2,"minecraft:melon":1,"minecraft:iron_door":2,"minecraft:spawner":11,"minecraft:spruce_stairs":1,"minecraft:fire":2,"minecraft:mossy_stone_brick_stairs":1,"minecraft:iron_bars":2,"minecraft:cobweb":1,"minecraft:iron_block":1,"minecraft:mossy_stone_bricks":1,"minecraft:chipped_anvil":2,"minecraft:spruce_slab":4},"minecraft:custom":{"lootr:looted_stat":25,"minecraft:interact_with_anvil":1,"minecraft:mob_kills":59,"minecraft:interact_with_crafting_table":9,"minecraft:open_barrel":4,"minecraft:time_since_death":2609,"minecraft:climb_one_cm":1516,"minecraft:time_since_rest":2651,"minecraft:sprint_one_cm":6026,"minecraft:damage_taken":1042,"minecraft:walk_one_cm":23947,"minecraft:damage_blocked_by_shield":95,"minecraft:drop":16,"minecraft:damage_dealt":4268,"minecraft:swim_one_cm":66814,"minecraft:fly_one_cm":6023,"minecraft:crouch_one_cm":2709,"minecraft:play_time":37433,"minecraft:deaths":1,"minecraft:sneak_time":1711,"minecraft:walk_under_water_one_cm":15154,"minecraft:boat_one_cm":466710,"minecraft:jump":117,"minecraft:walk_on_water_one_cm":43797,"minecraft:total_world_time":37433,"minecraft:fall_one_cm":478},"minecraft:killed_by":{"alexsmobs:skelewag":1},"minecraft:crafted":{"minecraft:wooden_sword":1,"minecraft:dark_oak_boat":1,"minecraft:crafting_table":2,"minecraft:wooden_pickaxe":1,"minecraft:iron_helmet":2,"minecraft:iron_chestplate":1,"minecraft:diamond_pickaxe":1,"minecraft:shield":1,"minecraft:stick":8,"minecraft:iron_ingot":9,"minecraft:wooden_axe":1,"minecraft:dark_oak_planks":56},"minecraft:used":{"minecraft:wooden_pickaxe":1,"minecraft:shield":4,"minecraft:iron_sword":84,"minecraft:diamond_axe":21,"minecraft:cooked_salmon":1,"minecraft:crafting_table":3,"minecraft:dark_oak_planks":8,"minecraft:wooden_axe":16,"minecraft:diamond_pickaxe":26,"minecraft:chipped_anvil":1,"minecraft:melon_slice":3,"minecraft:bread":3,"minecraft:iron_boots":1,"minecraft:wooden_sword":31,"minecraft:dark_oak_boat":1,"minecraft:cooked_cod":6},"minecraft:picked_up":{"minecraft:crafting_table":1,"minecraft:iron_door":2,"minecraft:glow_ink_sac":5,"minecraft:salmon":2,"minecraft:lead":2,"gravestone:obituary":1,"minecraft:string":5,"minecraft:iron_leggings":1,"minecraft:bone":5,"minecraft:chipped_anvil":2,"alexsmobs:serrated_shark_tooth":2,"minecraft:spruce_planks":11,"minecraft:iron_ingot":6,"minecraft:melon_slice":3,"minecraft:mossy_stone_brick_stairs":1,"alexsmobs:fish_bones":3,"minecraft:torch":16,"born_in_chaos_v1:ethereal_spirit":1,"minecraft:spruce_stairs":1,"minecraft:jungle_planks":2,"minecraft:blast_furnace":2,"minecraft:dark_oak_log":14,"minecraft:mossy_cobblestone":2,"minecraft:diamond":2,"minecraft:rotten_flesh":3,"minecraft:slime_ball":62,"minecraft:iron_block":1,"minecraft:emerald":5,"minecraft:coal":3,"minecraft:iron_bars":2,"minecraft:cod":1},"minecraft:dropped":{"minecraft:glow_ink_sac":5,"minecraft:mossy_cobblestone":1,"minecraft:diamond":3,"minecraft:iron_helmet":1,"minecraft:book":6,"minecraft:rotten_flesh":3,"minecraft:iron_boots":1,"minecraft:jungle_planks":1,"minecraft:mossy_stone_brick_stairs":1,"minecraft:salmon":2,"minecraft:emerald":2,"minecraft:shield":1,"minecraft:iron_bars":2,"minecraft:dark_oak_planks":11}},"DataVersion":3465}