{"stats":{"minecraft:killed":{"born_in_chaos_v1:door_knight_not_despawn":1,"minecraft:spider":2,"minecraft:vindicator":2,"realmrpg_quests:monster_hunter":1,"born_in_chaos_v1:decrepit_skeleton":2,"minecraft:pillager":8,"alexsmobs:fly":1,"born_in_chaos_v1:firelight_not_despawn":3},"minecraft:mined":{"biomesoplenty:orange_autumn_leaves":5,"minecraft:oak_slab":1,"minecraft:spruce_planks":6,"minecraft:dark_oak_log":1,"minecraft:crafting_table":2,"minecraft:stripped_crimson_hyphae":1,"minecraft:grass_block":1,"minecraft:crimson_roots":2,"born_in_chaos_v1:chipped_black_argillite_brick":1,"minecraft:oak_planks":1,"minecraft:spawner":3,"minecraft:hay_block":4,"minecraft:furnace":1,"minecraft:fire":3,"minecraft:stripped_spruce_log":1,"minecraft:grass":6,"minecraft:oak_log":3,"minecraft:dirt":14,"minecraft:cobweb":7,"minecraft:stone":30},"minecraft:custom":{"lootr:looted_stat":22,"minecraft:interact_with_furnace":2,"minecraft:mob_kills":20,"minecraft:interact_with_crafting_table":11,"minecraft:open_barrel":11,"minecraft:time_since_death":24541,"minecraft:climb_one_cm":3560,"minecraft:time_since_rest":24541,"minecraft:sprint_one_cm":39316,"minecraft:damage_taken":433,"minecraft:walk_one_cm":48435,"minecraft:damage_blocked_by_shield":335,"minecraft:drop":18,"minecraft:damage_dealt":4430,"minecraft:swim_one_cm":19247,"minecraft:fly_one_cm":32008,"minecraft:crouch_one_cm":7202,"minecraft:play_time":24541,"minecraft:sneak_time":2455,"minecraft:walk_under_water_one_cm":1299,"minecraft:jump":206,"minecraft:walk_on_water_one_cm":3933,"minecraft:total_world_time":24541,"minecraft:fall_one_cm":2771},"minecraft:crafted":{"minecraft:oak_planks":12,"alexscaves:cooked_lanternfish":1,"minecraft:crafting_table":1,"minecraft:spruce_planks":52,"minecraft:furnace":1,"minecraft:bucket":1,"minecraft:stone_axe":1,"minecraft:air":0,"minecraft:iron_chestplate":1,"minecraft:diamond_pickaxe":1,"minecraft:shield":1,"minecraft:iron_axe":1,"minecraft:stick":16,"minecraft:wooden_axe":1,"alexsmobs:cooked_catfish":1,"minecraft:dark_oak_planks":4,"minecraft:torch":12},"minecraft:used":{"born_in_chaos_v1:trident_hayfork":24,"alexsmobs:cooked_catfish":1,"minecraft:oak_planks":8,"minecraft:baked_potato":3,"minecraft:spruce_planks":7,"minecraft:shield":13,"minecraft:iron_chestplate":1,"minecraft:salmon":4,"minecraft:torch":2,"minecraft:dirt":26,"minecraft:oak_slab":1,"minecraft:crafting_table":2,"minecraft:wooden_axe":13,"minecraft:diamond_pickaxe":35,"minecraft:apple":1,"minecraft:bread":2,"minecraft:iron_helmet":1,"minecraft:stone_axe":56,"minecraft:furnace":1},"minecraft:picked_up":{"minecraft:crafting_table":2,"minecraft:potato":2,"minecraft:oak_log":3,"minecraft:gunpowder":2,"minecraft:string":10,"minecraft:dirt":66,"minecraft:bone":3,"minecraft:apple":1,"minecraft:sugar_cane":1,"minecraft:oak_planks":1,"minecraft:iron_boots":1,"minecraft:furnace":1,"minecraft:oak_slab":1,"born_in_chaos_v1:ethereal_spirit":1,"minecraft:stripped_spruce_log":1,"minecraft:dark_oak_log":1,"minecraft:spider_eye":1,"minecraft:barrel":1,"minecraft:dark_oak_planks":11,"minecraft:arrow":8,"minecraft:rotten_flesh":7,"born_in_chaos_v1:fire_dust":3,"minecraft:diamond":3,"minecraft:iron_helmet":1,"minecraft:hay_block":4,"minecraft:bone_meal":1,"minecraft:emerald":5,"born_in_chaos_v1:trident_hayfork":1,"minecraft:crimson_roots":1,"minecraft:cobblestone":30},"minecraft:dropped":{"minecraft:iron_ingot":6,"minecraft:stone_axe":1,"minecraft:diamond":2,"born_in_chaos_v1:ethereal_spirit":1,"minecraft:rotten_flesh":3,"minecraft:blaze_powder":6,"minecraft:coal":3,"minecraft:emerald":2,"minecraft:potato":2,"minecraft:spruce_planks":1,"minecraft:iron_chestplate":1,"minecraft:iron_leggings":2,"minecraft:spider_eye":1,"minecraft:barrel":2,"minecraft:bone_meal":1,"minecraft:arrow":8}},"DataVersion":3465}