{"stats":{"minecraft:killed":{"minecraft:vindicator":2},"minecraft:mined":{"biomesoplenty:orange_autumn_leaves":5,"minecraft:oak_slab":1,"minecraft:dark_oak_log":1,"minecraft:grass":1,"minecraft:stripped_crimson_hyphae":1,"minecraft:oak_log":3,"minecraft:oak_planks":1},"minecraft:custom":{"minecraft:time_since_rest":6541,"lootr:looted_stat":4,"minecraft:sprint_one_cm":1282,"minecraft:damage_taken":275,"minecraft:walk_one_cm":7153,"minecraft:mob_kills":2,"minecraft:drop":5,"minecraft:damage_dealt":622,"minecraft:swim_one_cm":11447,"minecraft:interact_with_crafting_table":4,"minecraft:fly_one_cm":1832,"minecraft:crouch_one_cm":834,"minecraft:play_time":6541,"minecraft:sneak_time":688,"minecraft:walk_under_water_one_cm":1177,"minecraft:jump":25,"minecraft:walk_on_water_one_cm":3517,"minecraft:time_since_death":6541,"minecraft:total_world_time":6541,"minecraft:climb_one_cm":580,"minecraft:fall_one_cm":1302},"minecraft:crafted":{"minecraft:oak_planks":12,"minecraft:iron_chestplate":1,"minecraft:shield":1,"minecraft:crafting_table":1,"minecraft:stick":4,"minecraft:wooden_axe":1,"minecraft:dark_oak_planks":4},"minecraft:used":{"minecraft:wooden_axe":13,"minecraft:apple":1,"minecraft:oak_planks":8,"minecraft:iron_helmet":1,"minecraft:iron_chestplate":1,"minecraft:salmon":2,"minecraft:oak_slab":1},"minecraft:picked_up":{"minecraft:oak_slab":1,"born_in_chaos_v1:ethereal_spirit":1,"minecraft:oak_log":3,"minecraft:gunpowder":2,"minecraft:dark_oak_log":1,"minecraft:dirt":54,"minecraft:dark_oak_planks":11,"minecraft:apple":1,"minecraft:diamond":1,"minecraft:iron_helmet":1,"minecraft:bone_meal":1,"minecraft:emerald":2,"minecraft:oak_planks":1,"minecraft:iron_boots":1},"minecraft:dropped":{"minecraft:iron_ingot":6,"minecraft:diamond":2,"minecraft:iron_leggings":1,"minecraft:coal":3,"minecraft:emerald":2}},"DataVersion":3465}