{"stats":{"minecraft:killed":{"born_in_chaos_v1:bonescaller":1,"born_in_chaos_v1:zombie_lumberjack":1,"born_in_chaos_v1:door_knight_not_despawn":1,"born_in_chaos_v1:zombie_clown_not_despawn":1,"minecraft:spider":2,"minecraft:vindicator":4,"realmrpg_quests:monster_hunter":1,"born_in_chaos_v1:baby_skeleton_minion":2,"born_in_chaos_v1:maggot":2,"born_in_chaos_v1:decrepit_skeleton":3,"minecraft:skeleton":1,"minecraft:pillager":8,"alexsmobs:fly":1,"born_in_chaos_v1:firelight_not_despawn":3},"minecraft:mined":{"biomesoplenty:orange_autumn_leaves":5,"minecraft:oak_slab":1,"minecraft:spruce_planks":12,"lootr:lootr_chest":1,"minecraft:dark_oak_log":1,"minecraft:crafting_table":3,"minecraft:spruce_fence":1,"minecraft:stripped_crimson_hyphae":1,"minecraft:grass_block":1,"minecraft:crimson_roots":2,"born_in_chaos_v1:chipped_black_argillite_brick":1,"minecraft:oak_planks":1,"born_in_chaos_v1:gnawed_bones":1,"minecraft:spawner":3,"minecraft:hay_block":4,"minecraft:furnace":1,"minecraft:fire":3,"minecraft:stripped_spruce_log":1,"minecraft:grass":7,"minecraft:oak_log":3,"minecraft:iron_bars":8,"minecraft:dirt":14,"minecraft:cobweb":12,"minecraft:stone":30},"minecraft:custom":{"lootr:looted_stat":31,"minecraft:interact_with_furnace":2,"minecraft:mob_kills":31,"minecraft:interact_with_crafting_table":13,"minecraft:open_barrel":30,"minecraft:damage_dealt_resisted":195,"minecraft:time_since_death":36541,"minecraft:climb_one_cm":4775,"minecraft:time_since_rest":36541,"minecraft:sprint_one_cm":62793,"minecraft:damage_taken":710,"minecraft:walk_one_cm":83091,"minecraft:damage_blocked_by_shield":375,"minecraft:drop":19,"minecraft:damage_dealt":6754,"minecraft:swim_one_cm":19247,"minecraft:fly_one_cm":80405,"minecraft:crouch_one_cm":9437,"minecraft:play_time":36541,"minecraft:sneak_time":3475,"minecraft:walk_under_water_one_cm":1299,"minecraft:interact_with_brewingstand":2,"minecraft:jump":438,"minecraft:walk_on_water_one_cm":3933,"minecraft:total_world_time":36541,"minecraft:fall_one_cm":9792},"minecraft:crafted":{"minecraft:oak_planks":12,"alexscaves:cooked_lanternfish":1,"minecraft:crafting_table":1,"minecraft:spruce_planks":52,"minecraft:furnace":1,"minecraft:bucket":1,"minecraft:stone_axe":1,"minecraft:bread":12,"minecraft:air":0,"minecraft:iron_chestplate":1,"minecraft:diamond_pickaxe":1,"minecraft:shield":1,"minecraft:iron_axe":1,"minecraft:stick":16,"minecraft:wooden_axe":1,"alexsmobs:cooked_catfish":1,"minecraft:dark_oak_planks":4,"minecraft:torch":12,"minecraft:wheat":36},"minecraft:used":{"born_in_chaos_v1:trident_hayfork":65,"alexsmobs:cooked_catfish":1,"minecraft:oak_planks":8,"minecraft:baked_potato":3,"minecraft:spruce_planks":44,"minecraft:shield":15,"alexscaves:cooked_lanternfish":2,"minecraft:iron_chestplate":1,"minecraft:salmon":4,"minecraft:torch":5,"minecraft:dirt":26,"minecraft:oak_slab":1,"minecraft:crafting_table":3,"minecraft:wooden_axe":13,"minecraft:diamond_pickaxe":43,"minecraft:apple":7,"minecraft:iron_axe":11,"minecraft:bread":4,"minecraft:iron_helmet":1,"minecraft:stone_axe":56,"minecraft:furnace":1,"minecraft:cobweb":2},"minecraft:picked_up":{"minecraft:crafting_table":3,"born_in_chaos_v1:spiritual_dust":1,"minecraft:potato":2,"minecraft:oak_log":3,"minecraft:gunpowder":2,"minecraft:item_frame":1,"minecraft:string":15,"minecraft:dirt":66,"minecraft:iron_axe":1,"born_in_chaos_v1:intoxicating_decoction":1,"minecraft:bone":5,"minecraft:apple":1,"minecraft:spruce_planks":6,"born_in_chaos_v1:gnawed_bones":1,"minecraft:sugar_cane":1,"minecraft:chest":1,"minecraft:oak_planks":1,"minecraft:iron_boots":1,"minecraft:furnace":1,"minecraft:oak_slab":1,"born_in_chaos_v1:ethereal_spirit":1,"minecraft:spruce_fence":1,"minecraft:stripped_spruce_log":1,"minecraft:dark_oak_log":1,"minecraft:spider_eye":1,"minecraft:barrel":1,"minecraft:dark_oak_planks":11,"minecraft:arrow":9,"minecraft:rotten_flesh":12,"born_in_chaos_v1:fire_dust":3,"minecraft:diamond":3,"minecraft:iron_helmet":1,"minecraft:hay_block":4,"minecraft:bone_meal":1,"minecraft:emerald":6,"born_in_chaos_v1:trident_hayfork":1,"minecraft:iron_bars":8,"minecraft:crimson_roots":1,"minecraft:cobblestone":30},"minecraft:dropped":{"minecraft:iron_ingot":6,"minecraft:stone_axe":1,"minecraft:diamond":2,"born_in_chaos_v1:ethereal_spirit":1,"minecraft:rotten_flesh":3,"minecraft:blaze_powder":6,"minecraft:coal":3,"minecraft:emerald":2,"minecraft:potato":2,"minecraft:spruce_planks":1,"minecraft:iron_chestplate":1,"minecraft:iron_leggings":2,"minecraft:spider_eye":1,"minecraft:barrel":2,"minecraft:iron_bars":8,"minecraft:bone_meal":1,"minecraft:arrow":8}},"DataVersion":3465}