{"stats":{"minecraft:killed":{"minecraft:vex":1,"minecraft:cave_spider":7,"born_in_chaos_v1:zombie_lumberjack":1,"minecraft:vindicator":4,"minecraft:spider":8,"born_in_chaos_v1:door_knight_not_despawn":1,"born_in_chaos_v1:zombie_clown_not_despawn":1,"born_in_chaos_v1:skeleton_thrasher_not_despawn":1,"born_in_chaos_v1:baby_skeleton_minion":2,"born_in_chaos_v1:maggot":7,"minecraft:skeleton":1,"born_in_chaos_v1:firelight_not_despawn":3,"born_in_chaos_v1:bonescaller":1,"realmrpg_quests:monster_hunter":1,"born_in_chaos_v1:decrepit_skeleton":10,"minecraft:pillager":8,"minecraft:zombie":8,"minecraft:stray":2,"alexsmobs:fly":1},"minecraft:mined":{"biomesoplenty:orange_autumn_leaves":5,"minecraft:spruce_planks":12,"minecraft:dark_oak_log":1,"minecraft:grass_block":1,"minecraft:dark_oak_fence":2,"minecraft:stripped_crimson_hyphae":1,"minecraft:spruce_fence":1,"born_in_chaos_v1:dark_metal_deposit":7,"minecraft:crimson_roots":2,"born_in_chaos_v1:gnawed_bones":1,"minecraft:spawner":9,"minecraft:hay_block":4,"minecraft:furnace":1,"minecraft:fire":3,"minecraft:stripped_spruce_log":1,"minecraft:bookshelf":6,"biomesoplenty:fir_stairs":1,"minecraft:iron_bars":8,"minecraft:stone":48,"minecraft:oak_slab":1,"lootr:lootr_chest":1,"minecraft:crafting_table":3,"minecraft:torch":2,"biomesoplenty:fir_planks":12,"minecraft:cobblestone":3,"born_in_chaos_v1:chipped_black_argillite_brick":1,"minecraft:oak_planks":1,"minecraft:wall_torch":1,"minecraft:dark_oak_slab":1,"biomesoplenty:fir_log":82,"minecraft:grass":7,"minecraft:oak_log":3,"biomesoplenty:fir_leaves":24,"minecraft:dirt":22,"minecraft:cobweb":18},"minecraft:custom":{"lootr:looted_stat":34,"minecraft:mob_kills":69,"minecraft:interact_with_crafting_table":18,"minecraft:open_barrel":51,"minecraft:damage_dealt_resisted":1912,"minecraft:time_since_death":60541,"minecraft:climb_one_cm":4775,"minecraft:sprint_one_cm":80514,"minecraft:walk_one_cm":132594,"minecraft:damage_blocked_by_shield":420,"minecraft:drop":22,"minecraft:damage_dealt_absorbed":20,"minecraft:play_time":60541,"minecraft:sneak_time":9988,"minecraft:walk_under_water_one_cm":5725,"minecraft:jump":692,"minecraft:interact_with_brewingstand":2,"minecraft:walk_on_water_one_cm":4996,"minecraft:total_world_time":60541,"minecraft:interact_with_furnace":2,"minecraft:time_since_rest":60541,"minecraft:damage_taken":990,"minecraft:damage_dealt":11967,"minecraft:swim_one_cm":23582,"minecraft:fly_one_cm":99097,"minecraft:open_chest":4,"minecraft:crouch_one_cm":26933,"minecraft:fall_one_cm":12964},"minecraft:crafted":{"biomesoplenty:fir_stairs":20,"minecraft:oak_planks":12,"alexscaves:cooked_lanternfish":1,"minecraft:furnace":1,"minecraft:iron_axe":1,"alexsmobs:cooked_catfish":1,"minecraft:dark_oak_planks":4,"minecraft:wheat":36,"minecraft:crafting_table":2,"minecraft:spruce_planks":52,"minecraft:bucket":1,"minecraft:stone_axe":1,"minecraft:bread":12,"minecraft:air":0,"biomesoplenty:fir_planks":208,"minecraft:white_wool":3,"minecraft:iron_chestplate":1,"minecraft:diamond_pickaxe":1,"minecraft:shield":1,"minecraft:stick":16,"minecraft:wooden_axe":1,"minecraft:white_bed":1,"minecraft:torch":36},"minecraft:used":{"minecraft:spruce_planks":44,"minecraft:chest":1,"minecraft:shield":17,"alexscaves:cooked_lanternfish":2,"minecraft:iron_chestplate":1,"minecraft:torch":21,"minecraft:dirt":33,"minecraft:wooden_axe":13,"minecraft:iron_axe":130,"minecraft:iron_helmet":1,"minecraft:furnace":1,"born_in_chaos_v1:trident_hayfork":180,"alexsmobs:cooked_catfish":1,"minecraft:water_bucket":2,"minecraft:baked_potato":3,"minecraft:oak_planks":8,"biomesoplenty:fir_planks":82,"minecraft:salmon":4,"minecraft:oak_slab":1,"minecraft:crafting_table":5,"minecraft:white_bed":1,"minecraft:diamond_pickaxe":80,"minecraft:apple":7,"minecraft:bread":10,"biomesoplenty:fir_stairs":3,"minecraft:stone_axe":56,"minecraft:cobblestone":22,"minecraft:bucket":3,"minecraft:cobweb":2},"minecraft:picked_up":{"minecraft:crafting_table":3,"minecraft:string":34,"minecraft:iron_axe":1,"born_in_chaos_v1:intoxicating_decoction":1,"minecraft:item_frame":1,"biomesoplenty:fir_planks":12,"minecraft:spruce_planks":6,"born_in_chaos_v1:gnawed_bones":1,"minecraft:sugar_cane":1,"minecraft:chest":1,"minecraft:furnace":1,"minecraft:iron_boots":1,"minecraft:tipped_arrow":1,"born_in_chaos_v1:shattered_skull":2,"minecraft:torch":3,"minecraft:spruce_fence":1,"born_in_chaos_v1:pieceofdarkmetal":10,"minecraft:dark_oak_planks":11,"minecraft:arrow":11,"minecraft:rotten_flesh":22,"minecraft:hay_block":4,"supplementaries:ash":1,"born_in_chaos_v1:trident_hayfork":1,"minecraft:iron_bars":8,"minecraft:cobblestone":51,"born_in_chaos_v1:corpse_maggot":3,"born_in_chaos_v1:spiritual_dust":1,"minecraft:potato":2,"biomesoplenty:fir_log":82,"minecraft:oak_log":3,"biomesoplenty:fir_stairs":1,"minecraft:gunpowder":2,"minecraft:dirt":74,"minecraft:bone":24,"minecraft:apple":1,"minecraft:bow":1,"minecraft:oak_planks":1,"minecraft:book":18,"minecraft:oak_slab":1,"minecraft:dark_oak_slab":1,"irons_spellbooks:frozen_bone":1,"born_in_chaos_v1:ethereal_spirit":1,"minecraft:stripped_spruce_log":1,"minecraft:dark_oak_log":4,"minecraft:spider_eye":7,"minecraft:barrel":1,"born_in_chaos_v1:fire_dust":3,"minecraft:diamond":3,"minecraft:iron_helmet":1,"minecraft:bone_meal":1,"minecraft:emerald":6,"minecraft:dark_oak_fence":2,"minecraft:crimson_roots":1},"minecraft:dropped":{"minecraft:iron_ingot":6,"born_in_chaos_v1:shattered_skull":1,"minecraft:diamond":2,"minecraft:lead":1,"minecraft:coal":3,"minecraft:emerald":2,"minecraft:iron_leggings":2,"minecraft:bone_meal":1,"minecraft:stone_axe":1,"born_in_chaos_v1:ethereal_spirit":1,"minecraft:rotten_flesh":4,"minecraft:blaze_powder":6,"minecraft:potato":2,"minecraft:spruce_planks":1,"minecraft:iron_chestplate":1,"minecraft:barrel":2,"minecraft:spider_eye":1,"minecraft:iron_bars":8,"minecraft:arrow":8}},"DataVersion":3465}