{"stats":{"minecraft:killed":{"minecraft:vex":1,"minecraft:cave_spider":12,"born_in_chaos_v1:zombie_lumberjack":1,"minecraft:vindicator":4,"minecraft:spider":15,"born_in_chaos_v1:door_knight_not_despawn":1,"born_in_chaos_v1:zombie_clown_not_despawn":1,"born_in_chaos_v1:skeleton_thrasher_not_despawn":1,"born_in_chaos_v1:baby_skeleton_minion":2,"born_in_chaos_v1:maggot":9,"minecraft:skeleton":1,"born_in_chaos_v1:supreme_bonescaller_stage_2":1,"born_in_chaos_v1:firelight_not_despawn":3,"born_in_chaos_v1:bonescaller":1,"born_in_chaos_v1:bone_imp_minion":16,"realmrpg_quests:monster_hunter":1,"born_in_chaos_v1:decrepit_skeleton":10,"minecraft:pillager":8,"minecraft:zombie":8,"minecraft:stray":5,"alexsmobs:fly":1},"minecraft:mined":{"biomesoplenty:orange_autumn_leaves":5,"minecraft:spruce_planks":12,"minecraft:white_bed":1,"minecraft:dark_oak_log":1,"minecraft:grass_block":1,"minecraft:dark_oak_fence":2,"minecraft:stripped_crimson_hyphae":1,"minecraft:spruce_fence":1,"born_in_chaos_v1:dark_metal_deposit":7,"minecraft:crimson_roots":2,"born_in_chaos_v1:gnawed_bones":1,"minecraft:spawner":11,"minecraft:hay_block":4,"minecraft:weeping_vines_plant":1,"minecraft:furnace":1,"minecraft:fire":3,"minecraft:stripped_spruce_log":1,"minecraft:anvil":1,"minecraft:bookshelf":97,"biomesoplenty:fir_stairs":1,"minecraft:iron_bars":8,"minecraft:stone":48,"minecraft:iron_block":2,"minecraft:oak_slab":1,"lootr:lootr_chest":1,"minecraft:crafting_table":4,"minecraft:torch":3,"biomesoplenty:fir_planks":21,"minecraft:chest":1,"minecraft:cobblestone":3,"born_in_chaos_v1:chipped_black_argillite_brick":1,"minecraft:oak_planks":1,"minecraft:wall_torch":1,"minecraft:dark_oak_slab":1,"biomesoplenty:fir_log":82,"minecraft:grass":7,"minecraft:oak_log":3,"biomesoplenty:fir_leaves":24,"minecraft:dirt":22,"minecraft:cobweb":43},"minecraft:custom":{"lootr:looted_stat":40,"minecraft:interact_with_anvil":1,"minecraft:mob_kills":105,"minecraft:fill_cauldron":2,"minecraft:interact_with_crafting_table":27,"minecraft:open_barrel":51,"minecraft:damage_dealt_resisted":3489,"minecraft:time_since_death":84541,"minecraft:climb_one_cm":4781,"minecraft:sprint_one_cm":93891,"minecraft:walk_one_cm":181492,"minecraft:damage_blocked_by_shield":420,"minecraft:drop":37,"minecraft:damage_dealt_absorbed":20,"minecraft:play_time":84541,"minecraft:sneak_time":13852,"minecraft:walk_under_water_one_cm":5725,"minecraft:jump":804,"minecraft:interact_with_brewingstand":3,"minecraft:walk_on_water_one_cm":5368,"minecraft:total_world_time":84541,"minecraft:interact_with_furnace":2,"minecraft:sleep_in_bed":1,"minecraft:time_since_rest":1587,"minecraft:damage_taken":1149,"minecraft:damage_dealt":17731,"minecraft:swim_one_cm":23582,"minecraft:fly_one_cm":104473,"minecraft:open_chest":11,"minecraft:crouch_one_cm":37386,"minecraft:use_cauldron":2,"minecraft:fall_one_cm":14286},"minecraft:crafted":{"biomesoplenty:fir_stairs":20,"minecraft:oak_planks":12,"alexscaves:cooked_lanternfish":1,"minecraft:iron_nugget":9,"minecraft:furnace":1,"minecraft:leather":4,"sophisticatedbackpacks:copper_backpack":1,"minecraft:iron_axe":1,"minecraft:chest":1,"alexsmobs:cooked_catfish":1,"minecraft:dark_oak_planks":4,"sophisticatedbackpacks:iron_backpack":1,"minecraft:wheat":36,"sophisticatedbackpacks:backpack":1,"minecraft:crafting_table":4,"minecraft:spruce_planks":52,"simplyswords:iron_halberd":1,"sophisticatedbackpacks:gold_backpack":1,"minecraft:bucket":1,"minecraft:stone_axe":1,"minecraft:bread":12,"minecraft:air":0,"biomesoplenty:fir_planks":208,"minecraft:white_wool":3,"minecraft:iron_chestplate":1,"minecraft:diamond_pickaxe":1,"minecraft:shield":1,"minecraft:stick":20,"minecraft:wooden_axe":1,"minecraft:iron_block":1,"minecraft:anvil":1,"minecraft:white_bed":1,"minecraft:torch":36},"minecraft:used":{"minecraft:spruce_planks":44,"minecraft:chest":2,"minecraft:shield":17,"alexscaves:cooked_lanternfish":2,"minecraft:iron_chestplate":1,"minecraft:torch":29,"minecraft:dirt":33,"minecraft:anvil":1,"minecraft:wooden_axe":13,"minecraft:iron_axe":236,"minecraft:iron_helmet":1,"minecraft:bow":4,"minecraft:furnace":1,"sophisticatedbackpacks:gold_backpack":1,"born_in_chaos_v1:trident_hayfork":230,"alexsmobs:cooked_catfish":1,"minecraft:water_bucket":5,"minecraft:baked_potato":3,"minecraft:oak_planks":8,"biomesoplenty:fir_planks":97,"minecraft:salmon":4,"minecraft:oak_slab":1,"minecraft:crafting_table":7,"simplyswords:iron_halberd":83,"minecraft:white_bed":1,"minecraft:diamond_pickaxe":85,"minecraft:apple":7,"minecraft:bread":13,"biomesoplenty:fir_stairs":3,"minecraft:stone_axe":56,"minecraft:cobblestone":22,"minecraft:bucket":6,"minecraft:cobweb":15},"minecraft:picked_up":{"minecraft:crafting_table":4,"minecraft:anvil":1,"minecraft:flint_and_steel":1,"minecraft:string":96,"minecraft:iron_axe":1,"born_in_chaos_v1:intoxicating_decoction":1,"minecraft:item_frame":1,"simplyswords:runic_tablet":1,"biomesoplenty:fir_planks":50,"minecraft:spruce_planks":15,"born_in_chaos_v1:gnawed_bones":1,"minecraft:sugar_cane":1,"minecraft:chest":2,"minecraft:furnace":2,"minecraft:iron_boots":1,"minecraft:tipped_arrow":5,"born_in_chaos_v1:shattered_skull":3,"minecraft:torch":8,"minecraft:spruce_fence":1,"born_in_chaos_v1:pieceofdarkmetal":23,"minecraft:dark_oak_planks":11,"minecraft:arrow":39,"minecraft:rotten_flesh":24,"minecraft:hay_block":4,"minecraft:iron_block":6,"supplementaries:ash":3,"born_in_chaos_v1:trident_hayfork":3,"minecraft:obsidian":7,"minecraft:iron_bars":8,"minecraft:cobblestone":51,"born_in_chaos_v1:staffof_magic_arrows":1,"born_in_chaos_v1:corpse_maggot":4,"born_in_chaos_v1:spiritual_dust":1,"minecraft:potato":9,"biomesoplenty:fir_log":112,"minecraft:oak_log":3,"biomesoplenty:fir_stairs":19,"minecraft:gunpowder":28,"minecraft:dirt":74,"minecraft:bone":115,"minecraft:apple":20,"minecraft:bow":1,"minecraft:iron_ingot":24,"minecraft:oak_planks":1,"minecraft:book":417,"minecraft:oak_slab":1,"minecraft:dark_oak_slab":1,"irons_spellbooks:frozen_bone":13,"born_in_chaos_v1:orbofthe_summoner":1,"born_in_chaos_v1:ethereal_spirit":1,"minecraft:stripped_spruce_log":1,"minecraft:white_bed":1,"minecraft:dark_oak_log":7,"minecraft:spider_eye":14,"minecraft:barrel":1,"born_in_chaos_v1:fire_dust":3,"minecraft:diamond":4,"minecraft:iron_helmet":1,"minecraft:bone_meal":1,"minecraft:emerald":6,"minecraft:dark_oak_fence":4,"minecraft:coal":37,"minecraft:crimson_roots":1},"minecraft:dropped":{"minecraft:iron_ingot":72,"born_in_chaos_v1:shattered_skull":1,"minecraft:diamond":2,"minecraft:book":126,"minecraft:lead":1,"minecraft:coal":17,"minecraft:emerald":2,"minecraft:iron_block":2,"minecraft:iron_leggings":2,"born_in_chaos_v1:trident_hayfork":1,"minecraft:bone_meal":1,"minecraft:iron_axe":1,"biomesoplenty:fir_stairs":18,"minecraft:bone":34,"minecraft:stone_axe":1,"born_in_chaos_v1:ethereal_spirit":1,"minecraft:rotten_flesh":4,"minecraft:blaze_powder":6,"minecraft:potato":2,"minecraft:tipped_arrow":1,"biomesoplenty:fir_planks":29,"minecraft:spruce_planks":1,"minecraft:iron_chestplate":1,"minecraft:barrel":2,"minecraft:spider_eye":2,"minecraft:iron_bars":8,"minecraft:arrow":8}},"DataVersion":3465}