{"stats":{"minecraft:killed":{"born_in_chaos_v1:bonescaller":1,"born_in_chaos_v1:zombie_lumberjack":1,"born_in_chaos_v1:door_knight_not_despawn":1,"born_in_chaos_v1:zombie_clown_not_despawn":1,"minecraft:spider":5,"minecraft:vindicator":4,"realmrpg_quests:monster_hunter":1,"born_in_chaos_v1:skeleton_thrasher_not_despawn":1,"born_in_chaos_v1:baby_skeleton_minion":2,"born_in_chaos_v1:maggot":2,"born_in_chaos_v1:decrepit_skeleton":3,"minecraft:skeleton":1,"minecraft:pillager":8,"minecraft:zombie":2,"alexsmobs:fly":1,"born_in_chaos_v1:firelight_not_despawn":3},"minecraft:mined":{"biomesoplenty:orange_autumn_leaves":5,"minecraft:oak_slab":1,"minecraft:spruce_planks":12,"lootr:lootr_chest":1,"born_in_chaos_v1:dark_metal_deposit":3,"minecraft:dark_oak_log":1,"minecraft:torch":1,"biomesoplenty:fir_planks":1,"minecraft:dark_oak_fence":2,"minecraft:crafting_table":3,"minecraft:spruce_fence":1,"minecraft:stripped_crimson_hyphae":1,"minecraft:grass_block":1,"minecraft:crimson_roots":2,"born_in_chaos_v1:chipped_black_argillite_brick":1,"minecraft:wall_torch":1,"minecraft:oak_planks":1,"born_in_chaos_v1:gnawed_bones":1,"minecraft:spawner":5,"minecraft:hay_block":4,"minecraft:furnace":1,"minecraft:fire":3,"minecraft:stripped_spruce_log":1,"biomesoplenty:fir_log":82,"biomesoplenty:fir_leaves":23,"minecraft:grass":7,"minecraft:oak_log":3,"minecraft:iron_bars":8,"minecraft:dirt":21,"minecraft:cobweb":12,"minecraft:stone":48},"minecraft:custom":{"lootr:looted_stat":32,"minecraft:interact_with_furnace":2,"minecraft:mob_kills":37,"minecraft:interact_with_crafting_table":16,"minecraft:open_barrel":43,"minecraft:damage_dealt_resisted":1852,"minecraft:time_since_death":48541,"minecraft:climb_one_cm":4775,"minecraft:time_since_rest":48541,"minecraft:sprint_one_cm":73843,"minecraft:damage_taken":753,"minecraft:walk_one_cm":102987,"minecraft:damage_blocked_by_shield":375,"minecraft:drop":21,"minecraft:damage_dealt":7984,"minecraft:swim_one_cm":19934,"minecraft:fly_one_cm":93027,"minecraft:open_chest":1,"minecraft:crouch_one_cm":17812,"minecraft:play_time":48541,"minecraft:sneak_time":6858,"minecraft:walk_under_water_one_cm":4868,"minecraft:interact_with_brewingstand":2,"minecraft:jump":564,"minecraft:walk_on_water_one_cm":4716,"minecraft:total_world_time":48541,"minecraft:fall_one_cm":11733},"minecraft:crafted":{"minecraft:oak_planks":12,"alexscaves:cooked_lanternfish":1,"minecraft:crafting_table":1,"minecraft:spruce_planks":52,"minecraft:furnace":1,"minecraft:bucket":1,"minecraft:stone_axe":1,"minecraft:bread":12,"minecraft:air":0,"biomesoplenty:fir_planks":208,"minecraft:white_wool":3,"minecraft:iron_chestplate":1,"minecraft:diamond_pickaxe":1,"minecraft:shield":1,"minecraft:iron_axe":1,"minecraft:stick":16,"minecraft:wooden_axe":1,"minecraft:white_bed":1,"alexsmobs:cooked_catfish":1,"minecraft:dark_oak_planks":4,"minecraft:torch":12,"minecraft:wheat":36},"minecraft:used":{"born_in_chaos_v1:trident_hayfork":111,"alexsmobs:cooked_catfish":1,"minecraft:oak_planks":8,"minecraft:baked_potato":3,"minecraft:chest":1,"minecraft:spruce_planks":44,"minecraft:shield":15,"biomesoplenty:fir_planks":52,"alexscaves:cooked_lanternfish":2,"minecraft:iron_chestplate":1,"minecraft:salmon":4,"minecraft:torch":10,"minecraft:dirt":33,"minecraft:oak_slab":1,"minecraft:crafting_table":4,"minecraft:white_bed":1,"minecraft:wooden_axe":13,"minecraft:diamond_pickaxe":66,"minecraft:apple":7,"minecraft:iron_axe":111,"minecraft:bread":4,"minecraft:iron_helmet":1,"minecraft:cobblestone":17,"minecraft:stone_axe":56,"minecraft:furnace":1,"minecraft:cobweb":2},"minecraft:picked_up":{"minecraft:crafting_table":3,"born_in_chaos_v1:spiritual_dust":1,"minecraft:potato":2,"biomesoplenty:fir_log":82,"minecraft:oak_log":3,"minecraft:gunpowder":2,"minecraft:item_frame":1,"minecraft:string":20,"minecraft:dirt":73,"minecraft:iron_axe":1,"born_in_chaos_v1:intoxicating_decoction":1,"minecraft:bone":9,"minecraft:apple":1,"biomesoplenty:fir_planks":1,"minecraft:spruce_planks":6,"born_in_chaos_v1:gnawed_bones":1,"minecraft:sugar_cane":1,"minecraft:chest":1,"minecraft:oak_planks":1,"minecraft:iron_boots":1,"minecraft:furnace":1,"minecraft:oak_slab":1,"born_in_chaos_v1:shattered_skull":1,"minecraft:torch":2,"born_in_chaos_v1:ethereal_spirit":1,"minecraft:spruce_fence":1,"minecraft:stripped_spruce_log":1,"born_in_chaos_v1:pieceofdarkmetal":6,"minecraft:dark_oak_log":1,"minecraft:spider_eye":3,"minecraft:barrel":1,"minecraft:dark_oak_planks":11,"minecraft:arrow":9,"minecraft:rotten_flesh":12,"born_in_chaos_v1:fire_dust":3,"minecraft:diamond":3,"minecraft:iron_helmet":1,"minecraft:hay_block":4,"minecraft:bone_meal":1,"minecraft:emerald":6,"born_in_chaos_v1:trident_hayfork":1,"minecraft:dark_oak_fence":2,"minecraft:iron_bars":8,"minecraft:crimson_roots":1,"minecraft:cobblestone":48},"minecraft:dropped":{"minecraft:iron_ingot":6,"minecraft:stone_axe":1,"minecraft:diamond":2,"minecraft:lead":1,"born_in_chaos_v1:ethereal_spirit":1,"minecraft:rotten_flesh":4,"minecraft:blaze_powder":6,"minecraft:coal":3,"minecraft:emerald":2,"minecraft:potato":2,"minecraft:spruce_planks":1,"minecraft:iron_chestplate":1,"minecraft:iron_leggings":2,"minecraft:spider_eye":1,"minecraft:barrel":2,"minecraft:iron_bars":8,"minecraft:bone_meal":1,"minecraft:arrow":8}},"DataVersion":3465}