{"stats":{"minecraft:killed":{"minecraft:zombie":3,"born_in_chaos_v1:dread_hound":6,"minecraft:cow":2,"born_in_chaos_v1:maggot":2},"minecraft:mined":{"minecraft:oak_log":4,"biomesoplenty:fir_stairs":1,"minecraft:dirt":1,"minecraft:cobweb":2,"minecraft:oak_leaves":2},"minecraft:custom":{"minecraft:time_since_rest":10810,"lootr:looted_stat":10,"minecraft:sprint_one_cm":40084,"minecraft:damage_taken":205,"minecraft:walk_one_cm":16597,"minecraft:mob_kills":14,"minecraft:drop":1,"minecraft:damage_dealt":1421,"minecraft:interact_with_crafting_table":1,"minecraft:fly_one_cm":43094,"minecraft:open_barrel":5,"minecraft:crouch_one_cm":221,"minecraft:play_time":10810,"minecraft:sneak_time":107,"minecraft:jump":221,"minecraft:damage_dealt_resisted":24,"minecraft:time_since_death":10810,"minecraft:climb_one_cm":203,"minecraft:total_world_time":10810,"minecraft:fall_one_cm":5458},"minecraft:crafted":{"minecraft:wooden_sword":1,"minecraft:oak_planks":16,"minecraft:leather":6,"minecraft:crafting_table":1},"minecraft:used":{"minecraft:bread":3,"minecraft:leather_chestplate":1,"minecraft:wooden_sword":44,"minecraft:dirt":1,"minecraft:crafting_table":1},"minecraft:picked_up":{"born_in_chaos_v1:fused_bone":2,"born_in_chaos_v1:corpse_maggot":2,"minecraft:stick":1,"born_in_chaos_v1:monster_flesh":4,"minecraft:leather":3,"minecraft:oak_log":4,"biomesoplenty:fir_stairs":1,"minecraft:string":2,"minecraft:dirt":1,"born_in_chaos_v1:monster_skin":3,"minecraft:rotten_flesh":1,"minecraft:beef":2,"born_in_chaos_v1:gnawed_bones":2,"minecraft:oak_sapling":1},"minecraft:dropped":{"born_in_chaos_v1:fused_bone":2}},"DataVersion":3465}