{"stats":{"minecraft:custom":{"minecraft:time_since_rest":20670,"minecraft:sprint_one_cm":36963,"minecraft:damage_taken":300,"minecraft:walk_one_cm":86144,"minecraft:mob_kills":5,"minecraft:drop":2,"minecraft:damage_dealt":604,"minecraft:interact_with_crafting_table":4,"minecraft:fly_one_cm":14964,"minecraft:crouch_one_cm":4297,"minecraft:play_time":20670,"minecraft:sneak_time":1276,"minecraft:jump":285,"minecraft:time_since_death":20670,"minecraft:total_world_time":20670,"minecraft:fall_one_cm":3102},"minecraft:killed":{"minecraft:pig":4,"alexsmobs:seal":1},"minecraft:dropped":{"minecraft:wheat_seeds":1,"biomesoplenty:wildflower":5},"minecraft:broken":{"minecraft:wooden_pickaxe":1},"minecraft:used":{"minecraft:stone_pickaxe":18,"minecraft:wooden_pickaxe":46,"minecraft:stone_bricks":1,"minecraft:torch":2,"argentinas_delight:espinacaitem":4,"minecraft:dirt":2,"minecraft:sand":1,"alexsmobs:animal_dictionary":1,"minecraft:acacia_sapling":1},"minecraft:crafted":{"minecraft:stick":16,"minecraft:stone_pickaxe":1,"minecraft:acacia_planks":28},"minecraft:mined":{"minecraft:acacia_leaves":2,"biomesoplenty:wildflower":6,"biomesoplenty:desert_grass":12,"minecraft:pumpkin":5,"minecraft:torch":1,"minecraft:grass":58,"minecraft:acacia_log":7,"zombie_extreme:oil_shale_sand":9,"minecraft:sand":1,"minecraft:dirt":2,"vinery:savanna_grape_bush_white":1,"minecraft:stone":40,"minecraft:wall_torch":1,"minecraft:fern":1},"minecraft:picked_up":{"vinery:savanna_grape_seeds_white":3,"minecraft:pumpkin":5,"minecraft:wooden_pickaxe":1,"minecraft:torch":2,"minecraft:acacia_log":7,"minecraft:porkchop":8,"minecraft:sand":1,"argentinas_delight:espinacaitem":9,"minecraft:dirt":2,"minecraft:stone_bricks":1,"minecraft:wheat_seeds":8,"zombie_extreme:oil_shale":9,"biomesoplenty:wildflower":5,"minecraft:acacia_sapling":1,"minecraft:cobblestone":40}},"DataVersion":3465}