{"stats":{"minecraft:custom":{"minecraft:time_since_rest":5570,"minecraft:sprint_one_cm":63977,"minecraft:damage_taken":595,"minecraft:walk_one_cm":102561,"minecraft:mob_kills":5,"minecraft:drop":3,"minecraft:damage_dealt":611,"minecraft:interact_with_crafting_table":4,"minecraft:fly_one_cm":27075,"minecraft:crouch_one_cm":4769,"minecraft:play_time":32670,"minecraft:deaths":2,"minecraft:sneak_time":1406,"minecraft:jump":417,"minecraft:walk_on_water_one_cm":354,"minecraft:time_since_death":5488,"minecraft:total_world_time":32670,"minecraft:fall_one_cm":8166},"minecraft:killed":{"minecraft:pig":4,"alexsmobs:seal":1},"minecraft:dropped":{"minecraft:wheat_seeds":1,"biomesoplenty:wildflower":5,"minecraft:stone_pickaxe":1},"minecraft:broken":{"minecraft:wooden_pickaxe":1},"minecraft:used":{"minecraft:stone_pickaxe":18,"minecraft:wooden_pickaxe":46,"minecraft:stone_bricks":1,"minecraft:torch":2,"argentinas_delight:espinacaitem":4,"minecraft:dirt":6,"minecraft:sand":1,"alexsmobs:animal_dictionary":1,"minecraft:acacia_sapling":1},"minecraft:killed_by":{"minecraft:zombie_villager":1},"minecraft:crafted":{"minecraft:stick":16,"minecraft:stone_pickaxe":1,"minecraft:acacia_planks":28,"biomesoplenty:willow_planks":28},"minecraft:mined":{"biomesoplenty:spanish_moss":7,"minecraft:acacia_leaves":2,"biomesoplenty:spanish_moss_plant":1,"biomesoplenty:wildflower":6,"biomesoplenty:desert_grass":12,"minecraft:pumpkin":5,"minecraft:torch":1,"minecraft:grass":58,"minecraft:acacia_log":7,"minecraft:grass_block":3,"zombie_extreme:oil_shale_sand":9,"minecraft:gravel":1,"minecraft:sand":1,"minecraft:dirt":8,"vinery:savanna_grape_bush_white":1,"minecraft:stone":40,"biomesoplenty:willow_log":19,"minecraft:wall_torch":1,"minecraft:fern":1,"biomesoplenty:willow_leaves":1},"minecraft:picked_up":{"vinery:savanna_grape_seeds_white":3,"minecraft:stick":1,"minecraft:pumpkin":5,"minecraft:wooden_pickaxe":1,"minecraft:torch":2,"minecraft:acacia_log":7,"minecraft:gravel":1,"minecraft:porkchop":8,"minecraft:sand":1,"argentinas_delight:espinacaitem":9,"minecraft:dirt":11,"biomesoplenty:willow_log":14,"minecraft:stone_bricks":1,"minecraft:pumpkin_pie":1,"minecraft:wheat_seeds":9,"minecraft:stone_pickaxe":1,"zombie_extreme:oil_shale":9,"biomesoplenty:wildflower":5,"minecraft:acacia_sapling":1,"minecraft:cobblestone":40}},"DataVersion":3465}