{"stats":{"minecraft:used":{"minecraft:stone_bricks":1,"minecraft:torch":2,"minecraft:dirt":1,"alexsmobs:animal_dictionary":1,"minecraft:acacia_sapling":1,"minecraft:wooden_pickaxe":37},"minecraft:picked_up":{"minecraft:stone_bricks":1,"minecraft:torch":2,"minecraft:wooden_pickaxe":1,"minecraft:wheat_seeds":3,"minecraft:acacia_log":7,"minecraft:dirt":2,"minecraft:acacia_sapling":1,"minecraft:cobblestone":34},"minecraft:custom":{"minecraft:time_since_rest":9064,"minecraft:crouch_one_cm":1128,"minecraft:play_time":9064,"minecraft:sprint_one_cm":16151,"minecraft:walk_one_cm":14325,"minecraft:sneak_time":333,"minecraft:drop":1,"minecraft:jump":55,"minecraft:damage_dealt":10,"minecraft:time_since_death":9064,"minecraft:total_world_time":9064,"minecraft:fly_one_cm":6929,"minecraft:fall_one_cm":478},"minecraft:mined":{"minecraft:grass":6,"minecraft:acacia_log":7,"minecraft:acacia_leaves":2,"minecraft:dirt":2,"minecraft:stone":34,"minecraft:wall_torch":1,"minecraft:fern":1,"minecraft:torch":1},"minecraft:dropped":{"minecraft:wheat_seeds":1},"minecraft:crafted":{"minecraft:acacia_planks":28}},"DataVersion":3465}